-7.391202962012847566e-04,2.875945166600027587e-03,-5.310474458103978286e-03,-1.020963346020894308e-02,6.967722612470183055e-03,7.074556708751188888e-03,-3.672511309129498848e-04,-1.421377783332205755e-02,5.327594983890353471e-03
-4.692034371338630293e-04,1.208727848436370357e-03,-1.235394040062286073e-03,-3.375865077556086582e-03,8.176319162029138622e-04,4.045538808258684373e-03,-9.965427256856691091e-03,1.225580811705995719e-02,-9.446127856911212470e-03
-3.344135407010608951e-04,7.483776648839645567e-04,6.995320513414441136e-04,1.746416367957400373e-04,-1.674663285508870515e-03,-2.702391771309510353e-03,5.968774364143029573e-03,-8.250524984533701492e-03,1.330788345630444861e-02
-4.660759288424909711e-04,-7.971208336262036688e-05,-3.494363556357901919e-03,4.528291938093905768e-03,6.627651095749940990e-03,-4.923875396674958806e-03,-1.464276170255031546e-02,3.048184896847870497e-03,-9.574270882747914005e-03
-4.099993112305149140e-04,-5.698807321762976033e-04,-1.846306625672310001e-03,3.099262171766018707e-03,5.673970322599207299e-04,4.643155378433101201e-03,1.954080548258965017e-02,4.527348474770417908e-03,6.210148322676843115e-03
-4.678646019119634325e-04,-4.020701064369261988e-04,-2.413410061374953678e-03,-3.488271684777139760e-03,-5.517097849880944586e-03,8.197912071759572150e-03,-1.059706946092960761e-02,-1.087527367948432945e-02,-7.336018329491043530e-03
-3.741715788883430427e-04,-5.243686115120030269e-04,1.105094227342216275e-03,-4.838539850370414917e-03,-7.854103803979186477e-03,-5.955087362216967758e-03,2.538918198630527642e-03,1.415057847021757714e-02,6.978904269702389945e-03
-5.272710764641516884e-04,-1.064230938769401835e-03,-1.417926977876375269e-03,-1.499741845916120536e-04,8.943511372615602778e-03,-1.205463657703653366e-02,-5.787980530062364522e-03,-1.665200666303370478e-02,-2.459292327920948717e-03
-1.101923720195336189e-03,-5.390475918849334767e-03,-1.180768861566094952e-02,2.284180536283454341e-02,2.652917393978856606e-02,-9.950156694944924454e-03,-2.044700418503351408e-02,1.279764099036747628e-02,3.230247896239903365e-03
-1.743313665470819316e-03,-9.806018847829358481e-03,-1.754609744269525207e-02,2.781209307325935298e-02,9.177176528362505220e-03,1.498612284426055832e-02,1.443416057366279232e-02,-5.436834089002751114e-03,1.209367615685775187e-02
-2.411599388814356093e-03,-1.243256125085150619e-02,-1.719991148971772299e-02,6.623151455991268914e-03,-2.547517684182375869e-02,2.091315216462575829e-02,3.340028344124026244e-03,2.947394821442169809e-03,-2.493114236222007327e-02
-3.657063542520513216e-03,-1.869101085616914001e-02,-2.360253910384205872e-02,6.200982234547217434e-03,-1.196628330801515448e-02,-3.194238057007207227e-02,-2.554355342973538279e-02,-8.488604738272514591e-03,2.048983750287735467e-02
-5.486677146462359302e-03,-2.719315999245183052e-02,-3.330873353570872053e-02,1.353941028176070677e-02,3.656543130845946871e-02,-3.328044655802911422e-02,-1.198624210073995916e-02,9.047537622508998803e-03,1.267186218116216588e-02
-8.002820066771896071e-03,-4.061428822222273166e-02,-4.352234596936152555e-02,4.343017228762216519e-02,5.042219547786296052e-02,3.526264960453155684e-03,-7.548152600851320768e-03,-1.041540185915696554e-02,-2.177899214861993629e-02
-1.180243483866670606e-02,-5.798759549785990897e-02,-6.279384565405389529e-02,7.220879693675733013e-02,2.389758708058742007e-02,1.639025132491676862e-02,-4.299440038916212126e-02,3.788968682940583189e-03,3.614154007218986497e-02
-1.721906068843992096e-02,-8.218749048678408720e-02,-9.125326358388004266e-02,9.945455106961115233e-02,9.671400784410883605e-03,-3.124858266708287896e-02,-4.838362686482144959e-02,-7.589263005777248210e-03,9.566908425258128026e-03
-2.506544220741486334e-02,-1.157774037988608395e-01,-1.360860808210427042e-01,1.211479902310203804e-01,4.653320464647590915e-02,-5.858183947816229808e-02,-2.898669834137869786e-02,6.548299204174732289e-03,-5.925361760071806358e-03
-3.664063391944518550e-02,-1.686716451610530132e-01,-2.073402652961503501e-01,1.778589643237981632e-01,1.099718501003270205e-01,-5.658633056675260037e-02,-1.012351256758942802e-01,-2.695560090899666930e-02,4.608684072994424091e-02
-4.874319719743616663e-02,-2.145285741205887609e-01,-2.079063138659719978e-01,1.037810431746772344e-01,1.160491861072596338e-02,8.265860873118233143e-02,8.239701464245412221e-02,6.338565100110059303e-02,1.368373914018220297e-02
-6.081184334760098703e-02,-2.394780124066225035e-01,-1.373550121445895056e-01,-6.576450935912860063e-02,-1.510010480829336865e-01,1.012174560907854598e-01,5.921698773643856162e-02,-6.636362531804095022e-02,-1.000264383566153853e-01
-7.445598176253620526e-02,-2.529852136571924537e-01,-6.634445596875358786e-02,-1.404150939958035416e-01,-8.039152813108554896e-02,-1.092660356089134310e-01,-1.235408892433855765e-01,3.294915137832700458e-02,8.663233254952613926e-02
-8.666424844904140057e-02,-2.397715868288702590e-01,4.350284500754627443e-02,-1.578483768589580560e-01,9.128748652742482705e-02,-9.240374221228665752e-02,8.298048984930042615e-02,5.687833948325508177e-03,2.908054486595219174e-02
-9.762642696424277122e-02,-2.029457699367754331e-01,1.418233480432588844e-01,-7.666814962093915220e-02,1.261187755236637675e-01,9.342511864567079605e-02,1.689191159734470399e-02,-2.288893114840524073e-02,-1.561953631713200452e-01
-1.056573218099798872e-01,-1.371607397329548950e-01,2.242603177350585564e-01,5.254769228757367495e-04,-5.021130929754224342e-02,1.483651579800920606e-01,-1.246323558001657776e-02,3.216257609374467696e-02,1.753610355974700163e-01
-1.132230093190527975e-01,-7.388306373429447127e-02,1.984214608382058875e-01,1.607825905664466981e-01,-6.529722707176907615e-02,-1.390945070875742318e-01,-1.746526490117822072e-01,-7.401149875103769926e-02,-7.285504400862824470e-02
-1.179946209980067412e-01,-6.681280262045913125e-03,1.250510577061915152e-01,1.799550611921363619e-01,3.439030816887617137e-02,-1.203038177827582683e-01,2.307957215125691908e-01,1.508315153742695314e-01,-1.066416937008971000e-02
-1.193112122704083206e-01,5.170429096350052239e-02,3.953931200579114541e-02,8.559471772612289864e-02,1.728014356268318605e-02,1.311097696392068135e-01,4.357555564636277773e-02,-1.932353221974167645e-01,-3.521040494134097115e-02
-1.169554958248068821e-01,7.320703950168686025e-02,-1.511295754065380796e-02,1.016168653494777252e-01,-9.533989463680798970e-02,1.318184313177823974e-02,-1.484138372077306312e-01,1.564465161034322982e-01,2.164093930597078136e-02
-1.123022917179915398e-01,9.178899922146277479e-02,-4.390389326231127626e-02,2.377968351774507536e-02,-8.628871748822686261e-02,-1.041799179129530573e-01,1.571477468427152913e-01,-9.422941573779688995e-02,5.989605324055155555e-02
-1.080346495300612553e-01,9.865407030274919720e-02,-9.765921209670544445e-02,-5.752721720882653794e-02,6.415108406724227830e-02,-3.466446274718902598e-02,-5.915417475472854736e-02,3.848322120540563496e-02,-1.779814272869319203e-01
-1.019724064010778947e-01,8.602388765096508072e-02,-9.700532153451393858e-02,-3.493810510932877922e-02,7.784196380044404451e-02,3.837315481164538244e-02,1.536227158396520458e-02,-1.239348450053825990e-02,2.104756532159908766e-01
-9.622032159792438810e-02,7.582825890624253495e-02,-8.569095247429697748e-02,-2.774115220336467388e-02,1.127770219321723964e-02,6.663818856917681777e-02,-1.100803439748205131e-01,-1.776382965831163965e-02,-9.096862900372504335e-02
-9.151989152817559259e-02,5.956921188912454174e-02,-8.179936992140222907e-02,2.223210432754476468e-02,-1.878420428960152905e-02,-5.397839731366404353e-02,3.431484592961538127e-02,5.038006702120050029e-02,-1.857601117150310677e-02
-8.845158455419854793e-02,5.676456757737283892e-02,-1.026859894643574189e-01,-5.357089841354457233e-02,3.167590251682748242e-02,1.657701519260710785e-02,-1.746736642466628631e-02,-5.889939387156394729e-02,1.156488315952616808e-01
-8.472133037008679202e-02,4.031809206091432896e-02,-8.807439542351976070e-02,-3.051837545694669612e-02,3.016392002194384636e-02,3.710694624266211997e-05,-6.177402838087545783e-02,4.484581254452635335e-02,-1.218559167199552845e-01
-8.139723111320897042e-02,3.340619042888787887e-02,-6.422018305306743946e-02,-4.488020161970478900e-02,5.729275494692031949e-03,2.545043508669792010e-02,7.391413263402452083e-02,-9.581630842607248566e-03,9.103365682311001517e-02
-7.986976899050998724e-02,2.463938603274933373e-02,-7.332523267460222538e-02,-2.600313077566578090e-02,3.438847559467601844e-02,-3.719592752012620442e-03,-1.620132381601950000e-01,-4.196354724881380671e-02,-1.632988211840209064e-02
-7.760533801838778722e-02,1.586986303716341265e-02,-5.130970488666060370e-02,6.134275964232498331e-03,2.189921735886660517e-02,-2.436620740393349166e-02,7.922954236261545158e-02,9.323550482737731626e-02,1.516011897125663956e-02
-7.600797483523012710e-02,2.213984818096482662e-02,-4.254622990141260913e-02,-5.120789287497629766e-02,1.542963049049089069e-03,6.767250715359711399e-02,1.881960076759294984e-02,-1.055401054462938998e-01,-2.851784935520620609e-02
-7.408051943298098185e-02,2.227274381259489178e-02,-2.868082165529153155e-02,-3.724613253286255393e-02,-2.088071850338827501e-02,6.131899045388430110e-04,-9.639149170923573540e-02,8.481860626367598854e-02,1.724801372701582208e-02
-7.283796111003948415e-02,1.929625587336775833e-02,-3.377752412307013369e-02,1.568921746122284994e-02,3.937650325811279522e-02,-8.485482770616444015e-02,-6.152904774134528021e-03,-6.698131374502076796e-02,6.050571755916047539e-02
-7.184327296952160158e-02,2.161893524657384352e-02,-4.640197333040414762e-02,1.023506022571844983e-02,7.194785077818972863e-02,3.010289144117102994e-02,2.157747107465942879e-02,6.748861213743646836e-02,-8.248522741707464689e-02
-7.087079270102848716e-02,1.540563978566965482e-02,-5.616743526720507917e-02,3.943809749335056014e-02,7.669004240829087674e-03,5.359443383834273933e-02,-2.341527436741272158e-02,-7.183089740986423055e-02,5.436075268154717810e-02
-6.965942303857165785e-02,1.601743678040077473e-02,-5.452928749726822233e-02,-6.401711240847185111e-03,-5.859568331413000930e-02,2.214930054608905963e-02,-3.787240430606873820e-02,7.012741781621194270e-02,2.600031130568673451e-02
-6.829782066068770807e-02,1.377593387316340852e-02,-4.587343414411748643e-02,-2.731500259402567382e-02,-3.038275483671862634e-02,-7.062752366402798299e-02,4.590633046578532911e-02,-5.606208281302460517e-02,-7.374223788740484620e-02
-6.721753274563997682e-02,1.875764307470033712e-02,-4.353949084070280612e-02,-8.125434827535650550e-02,4.965604893575939482e-02,9.255328041958133314e-03,-5.569731985049784003e-04,4.826059945736663886e-02,5.361464845670676355e-02
-6.600714553010413044e-02,1.009042552405572946e-02,-3.538020537585352676e-02,-2.612136601437194030e-03,7.042760137317240210e-02,-7.257398144013446325e-04,-9.994854298973465667e-02,-6.950669313513092862e-02,1.260404820666266926e-02
-6.496215117523992943e-02,7.825535520774824089e-03,-2.711640105218227417e-02,4.013631075351424549e-02,2.476635931668292809e-02,2.268796827943912742e-02,2.748882836457985576e-02,9.640812401174929380e-02,-6.186824400440977742e-03
-6.461782928423998040e-02,1.058601761834378381e-02,-3.809515140688331941e-02,2.702396032434593171e-02,-2.390797389338808129e-02,2.817256232747850780e-02,7.724506885467882084e-03,-9.971247089609221181e-02,-4.056481822893373904e-03
-6.398277820505206270e-02,1.367147682887506766e-02,-4.444987413019337724e-02,-1.544595258081577806e-02,-3.708262661575382341e-02,-4.744473635182491593e-03,-3.594200890381677588e-02,9.127276883927532003e-02,7.646969383934907293e-03
-6.285208016106831608e-02,1.307707858539121706e-02,-3.854089617470212586e-02,-2.829384803415149405e-02,2.603436061562226442e-03,-4.850455147879439988e-02,3.294445261052438706e-02,-7.792423210600392391e-02,8.067532915205758923e-03
-6.175692818606687978e-02,1.591656727939019106e-02,-3.383968156192872223e-02,-4.851417345030872852e-02,4.681814698697994021e-02,1.903775357970327944e-02,-2.202868616943137042e-02,6.502151795868646444e-02,-2.910970779579551485e-02
-6.093100906932263222e-02,8.337541471953965888e-03,-3.382012769065106256e-02,2.386282919988023249e-02,4.655867241006299284e-02,-4.397262846066367879e-03,-5.229484268152342213e-02,-6.892896474068946344e-02,5.421688704820063626e-02
-6.120094225907735108e-02,1.652011837660190881e-03,-5.462859259561952952e-02,6.368388076267010589e-02,3.667457875023518582e-02,-1.959049141164960397e-03,-4.956015985677223595e-02,6.725572504723240086e-02,6.425152903839896103e-04
-6.072256973550027581e-02,1.227076222902131770e-03,-4.995244419200872005e-02,2.203237373923314438e-02,-3.434938648263755751e-02,3.976315023515717556e-02,1.057894553655621683e-01,-3.455886473137052134e-02,-2.637388726863500871e-02
-6.071524663609169370e-02,3.133154099738944074e-03,-5.377844250952190652e-02,-4.664163390592573205e-02,-5.133694135384656021e-02,1.997314224948155623e-02,-6.429275014898848395e-02,5.859358878171040067e-04,-1.333972523653096341e-02
-6.052339369177725525e-02,-4.314429017602608440e-03,-4.708716472734785635e-02,-2.935863573063994189e-02,1.359924262610843863e-02,-8.566957393734592197e-02,-3.927066169933140366e-02,5.395822284293610993e-03,7.196058064055614600e-02
-6.049440910289270723e-02,-6.272444663975161594e-03,-3.787708155150980305e-02,-2.390266972721830779e-02,8.263914586674671325e-02,-8.112568080234146273e-03,3.533336640854381483e-02,4.931467164041559992e-03,-5.612378247065935577e-02
-6.144236857335470814e-02,-1.527856795439389015e-02,-4.633760828360333067e-02,4.253782201295858156e-02,6.707918290040043585e-02,4.563211221647627686e-02,-6.173942662119036306e-02,-2.329923331766753716e-02,8.065478885379760016e-03
-6.322639016656439459e-02,-2.555333687893497976e-02,-6.431347980157472999e-02,8.479561153885960267e-02,5.439826200526987846e-04,1.609733245875292693e-02,-6.765993993438713938e-02,2.488090856739870460e-02,9.472085536236272973e-02
-6.468567334475426589e-02,-2.864352339736462097e-02,-6.303842058780442792e-02,3.520918331748047747e-02,-5.652339781049865730e-02,-7.209636652660787563e-03,7.965729658588002748e-02,9.165379486561001099e-04,-9.881043588123905597e-02
-6.572366439320115328e-02,-2.107440061569110581e-02,-4.752909966675362280e-02,-8.602996728407280580e-02,-5.830252961593103411e-02,2.575618967912057800e-02,6.165424658953982950e-02,-1.743626249214359509e-03,-6.490298768419803729e-03
-6.598925508807379492e-02,-1.638021194919188003e-02,-1.656546691041378347e-02,-1.149774103957422328e-01,-3.827991549438843478e-04,-2.457432132800351984e-02,-9.744179740973007986e-02,-2.860167349302974310e-02,6.903236803305148883e-02
-6.565909871447772606e-02,-1.291757819103071456e-02,2.002500314209907858e-02,-3.750809010057418180e-02,7.575117735097831873e-02,-6.227101754802871758e-02,-8.893762844831528888e-03,4.339516057238234498e-02,-3.768889908313392823e-02
-6.574747242990081064e-02,4.968673191570020537e-04,2.688496117238741573e-02,2.013493194000939152e-02,8.362733934642228861e-02,4.860289917558759804e-02,3.638607825681992869e-02,-3.320164925156540020e-02,4.075030440368327192e-03
-6.550236224632634274e-02,1.499376961258251477e-02,1.600132961551608071e-02,5.736289424442400642e-02,-1.298508864765097852e-02,7.721544172904246106e-02,-7.526356506882730946e-02,1.311534161726862074e-02,2.830141826609413117e-02
-6.468082033547513376e-02,2.507888103365625565e-02,-3.794053856518497109e-03,7.482654292306696597e-02,-7.072387553495612655e-02,-4.898554379205868892e-02,7.230085306535290884e-03,3.291918669136008769e-03,-5.503273307223072869e-03
-6.406388988496723724e-02,3.510358766059486213e-02,-4.492025835390798388e-02,1.582520713938794649e-02,-3.075476493098983684e-03,-5.580751758175837157e-02,4.445560409535070229e-02,1.531271799388975218e-04,-2.667195116988742634e-02
-6.218287542327844558e-02,3.667361241199514066e-02,-5.845725639608301272e-02,-3.363460187280645913e-02,3.230783088527978963e-02,2.623224751180335684e-02,9.676384228100848653e-03,-7.307073452627646168e-03,1.495738697877871219e-02
-5.859388219166145745e-02,3.855917585944954734e-02,-2.691121954260409718e-02,-6.832766500928633135e-02,-2.477525786209577169e-02,6.187431313296947594e-02,2.964620827331638370e-03,8.994356719224369523e-03,-1.339863601358855455e-03
-5.576110478103854518e-02,3.721439504161962175e-02,-1.552021982148943727e-02,-3.421025688175483720e-02,-1.150638428889995402e-02,-4.462304005570202903e-02,-6.874992642791331876e-02,-2.312450377549744515e-02,-7.890773054040725251e-03
-5.340157563679214653e-02,3.948873430431720788e-02,-1.989278528110257141e-02,-1.360533391384601172e-02,5.647433446268649432e-02,-4.116971849410754752e-02,1.161785076577405082e-02,3.950709983909986289e-02,5.176495357724912594e-02
-5.031462144750476623e-02,4.499035062709795529e-02,-1.217555351642032879e-02,-1.544276251138629492e-02,3.662911366914600730e-02,6.163618149628945220e-02,3.478725835938493299e-02,-3.644295781937988837e-02,-6.049509817584920734e-02
-4.721775322621603321e-02,4.812967646868563515e-02,-1.114712210801488065e-02,-1.490506688455658316e-03,-3.027228717163954821e-02,4.301379685456106772e-02,-4.931220678655885009e-02,2.373351466363512324e-02,2.084756004630895082e-02
-4.409458718632189300e-02,5.196886664896110952e-02,-1.636389702661349144e-02,-6.508309581548079974e-03,-3.404856294623403307e-02,-4.132376145236226622e-02,-1.539104824491775887e-02,-1.544202528514216320e-02,5.641802840649237649e-02
-4.128895035768490041e-02,5.164077346198774066e-02,-3.313959284227337154e-02,-5.964977613441378203e-03,3.610305371342643205e-02,-5.097419477189936432e-02,1.131685082938358247e-02,1.495693357780476622e-02,-8.738411222891566410e-02
-3.831586544177849329e-02,4.910241874631014747e-02,-4.205981173417069202e-02,-1.506308322803746880e-02,4.853590886365759249e-02,4.365832042010505537e-02,2.951044775942709281e-02,-7.545090921737896035e-03,6.167210968452952607e-02
-3.481884624294051545e-02,4.606458470817377526e-02,-3.126390828784648968e-02,-2.557945761202945131e-02,-2.190877849629124796e-02,6.387399176903905962e-02,-5.832879338355639876e-02,-9.054837192202430662e-03,-4.100750279737178094e-03
-3.151979997413122819e-02,4.137071140093771804e-02,-1.970321798225735388e-02,-1.219632131974512403e-02,-4.376468331498271219e-02,-4.439775648862116786e-02,8.379908619591097327e-03,2.355093344208733161e-02,-2.638606082398596217e-02
-2.917168223887816464e-02,4.285097810622945369e-02,-2.951357659596714686e-02,-4.365383932508747067e-02,2.806930372197115678e-02,-2.912989458763930173e-02,1.351384881079431034e-02,-2.256819782927581286e-02,3.907957588093155521e-02
-2.621873235159868920e-02,3.993888686978688124e-02,-2.114754392201238439e-02,-3.629511295039711261e-02,4.445599620804902702e-02,2.839323565651723918e-02,-2.054383314418040812e-02,1.431395874153135531e-02,-3.108882292080331067e-02
-2.285339945095692105e-02,3.970564568584127735e-02,2.043512205676051372e-04,-2.275536768131325438e-02,-1.027506545750193033e-02,4.272323718019477995e-02,1.884232513046771307e-02,-2.141128958350918977e-03,1.745854342001654583e-02
-2.024325319616396626e-02,4.224416389687742079e-02,-6.707812196706317964e-04,-1.592098727674792422e-02,-2.132503130069644814e-02,-7.995220304607987202e-03,-5.249839065411261024e-02,-1.192991251650574701e-02,4.515985090388850189e-03
-1.749603783254150696e-02,4.398305665694666328e-02,-2.742270132146837520e-03,-8.588439201752928395e-03,7.766064641050370379e-03,-3.764896415794994483e-02,2.610686012706395567e-02,2.741726315578218651e-02,6.362788411403640890e-05
-1.468636892705630498e-02,4.755360720713421030e-02,-7.026182990944138118e-03,-2.369342529702155725e-02,2.535396149144541339e-02,2.339102313663200469e-02,2.222153567199358290e-02,-2.872686714675489611e-02,-1.521892140167929557e-02
-1.197049633632265089e-02,4.399272122095337217e-02,-1.363798309931230947e-02,1.601869232155498941e-03,8.993769940807189514e-03,1.812652989212893903e-02,-5.636107999435453070e-02,1.418953400926339578e-02,1.440873077253604362e-02
-9.358613801507254665e-03,3.951446353732296357e-02,-1.796160061452483150e-02,1.474974833882391513e-02,-7.540529267766746951e-03,-1.316232028115513902e-02,9.746120668696064276e-03,2.573024900832741445e-04,2.633670503673295193e-02
-7.286245662762313134e-03,3.567846488362250851e-02,-2.903930858764858236e-02,-2.303522844299159787e-03,1.828764329549357071e-03,-3.075214726057131677e-03,1.120744640444379034e-02,-2.374727257308522233e-03,-5.067105393881619901e-02
-5.510226552474959023e-03,2.785470680915345595e-02,-3.657990896614968929e-02,-1.126126051310645353e-02,8.068107853395029699e-03,6.416118643058538011e-03,-8.283794196425997569e-03,6.196718402206129444e-04,3.876501025539728224e-02
-3.789908894412224657e-03,1.965706321348150917e-02,-3.126548948692106644e-02,-2.078383323917016787e-02,7.634414814271822019e-04,8.948232068763196934e-03,-1.778820304823033535e-02,-2.649774342281401712e-03,4.555928733217304467e-03
-2.371461243687538085e-03,1.188984820347652530e-02,-2.000684758425293891e-02,-1.877479154308376100e-02,-2.278478695753755404e-03,-5.891632028454010794e-03,1.360342527514667339e-02,8.794760193547378202e-03,-3.370824182013155978e-02
-1.591017301406978061e-03,8.161287876937770372e-03,-1.497957195436024590e-02,-2.862471074387807485e-02,9.210597528470008261e-03,7.924215108493094795e-03,-6.783445504445283214e-03,-1.091672822979583568e-02,3.830343811803257892e-02
-8.762157679463429766e-04,3.945640498149634648e-03,-5.093497658383811660e-03,-1.518677341972819728e-02,9.766010940330341686e-03,1.065449163457518134e-03,-2.650082049694109376e-02,6.162397890873402839e-03,-1.259443192453656504e-02
-4.532813350448256363e-04,1.481719510203769689e-03,1.621685505824553997e-03,2.348413068262054145e-03,7.416536726723869932e-03,-4.666453458477310898e-03,1.862071587524331481e-02,3.578908246048560868e-03,-5.078631103588731460e-03
-4.682846784123918197e-04,2.073221534461533282e-03,-1.760087233160398563e-03,-3.077992340237959866e-04,5.641308499678513236e-03,1.360873481850004285e-02,-1.272938062713553815e-02,-9.505340305111435392e-03,1.447711582837383701e-02
-2.944446775753840808e-04,9.200005736213129120e-04,-5.495444238742196549e-05,7.247181288065607935e-03,-7.499642912899341131e-03,-1.525437628868398692e-03,-5.426149263332835475e-03,1.080795231894391729e-02,-8.704754455443507871e-03
-2.732455021237530893e-04,1.199431458227957466e-03,-1.721024252176343861e-03,1.601156074656478112e-03,-5.067909056129681414e-03,-6.700872969400163519e-03,1.519750295685566924e-02,-6.540910453653680200e-03,3.481829093118434681e-05
-2.701731544719493546e-04,1.547695797008970947e-03,-3.725345779765357017e-03,-7.728948138676970323e-03,2.598823860340294771e-03,3.103249021545892872e-03,-6.901916525875208090e-03,1.811460620190455612e-03,7.181796469234314872e-04
-1.165490756512356811e-04,1.930299543707530237e-04,-8.762376157969909611e-04,-1.769865786070769047e-03,2.150466834269524306e-03,-1.919788568919016461e-03,-1.485998093700457642e-03,-5.255777777634292351e-04,1.594614576907191564e-03
-1.165779117967333093e-04,-2.828418099246272411e-04,-7.789400822901486462e-04,7.550319159242603476e-04,3.498494377665699491e-03,2.424732170408109633e-04,-7.962339968256355221e-04,5.734344078619689694e-04,-7.339417621647705307e-04
-1.555264869862941059e-04,-7.301709347392712664e-04,-1.054092950400681511e-03,2.696449941176578147e-03,1.006461601795969989e-03,2.071883739036792325e-03,-2.774509600120582875e-04,-3.953548002495363921e-04,5.140189400553364001e-04
-1.569331220273273398e-04,-4.936940456090331856e-04,-1.109296325296416145e-04,-7.142644324214942730e-04,-4.201655162578143109e-03,3.193925786840253779e-03,2.705622460758411434e-03,1.163115235758424657e-03,6.808108484800144201e-05
-2.340729043886131434e-04,-8.278328321972415905e-04,-9.714710753384595476e-04,2.174657961107051563e-04,-1.509515865268181442e-03,-4.901705973146706571e-03,-4.914427576211290345e-03,-2.885884750645546608e-03,-1.924880804774377037e-03
-2.546220892594268652e-04,-6.077726365205859353e-04,-2.439319335149179745e-04,-2.545180236622389836e-03,1.998416601167548722e-03,-7.990200800347246196e-04,5.847006427174663776e-03,5.179130484402128323e-03,4.321940152663237764e-03
-1.114569887964392920e-03,-7.293298907602492435e-03,-1.707520322862072712e-02,3.333415001581262888e-02,2.787829366344905108e-02,-2.562644085192310184e-02,-4.586199504116544173e-02,-1.738798476620649625e-02,-5.800598957744328849e-04
-1.683471374477867738e-03,-1.059554965169009003e-02,-1.894116869810037740e-02,2.157649238684526682e-02,8.003953082297529317e-03,2.197905529480711356e-02,4.604682133968961838e-02,3.690342661972174920e-02,2.044559971920295940e-02
-2.639772937499272956e-03,-1.559465495610705930e-02,-2.254253016534459725e-02,1.074000528909260441e-02,-2.082005633665726455e-02,1.705498190925659741e-02,-1.987028959639186923e-02,-5.167651456100703922e-02,-4.531585502578745067e-02
-4.006213815514570592e-03,-2.216940492463156942e-02,-2.652743015564406823e-02,4.116449104025500343e-03,-1.237617423971549592e-02,-2.617745917088254784e-02,-1.948979898991850396e-02,5.362883678397033921e-02,5.007602442172225804e-02
-5.728799597958607673e-03,-2.950182355495793024e-02,-2.811879996798405043e-02,3.935057164822274370e-03,2.499311215362157862e-02,-2.826701432692854676e-02,5.747574135623162092e-03,-5.145121786276073833e-02,-1.102298809130541901e-02
-8.629042631613534006e-03,-4.339117572893737285e-02,-4.353628982887258053e-02,4.339676834267814504e-02,5.652296587252282623e-02,-9.611069043994266425e-03,-4.250186099173348941e-02,3.912955677315492486e-02,-2.639640354830460542e-02
-1.170895361372382461e-02,-5.424807943688558093e-02,-4.398536002468508149e-02,4.399781001285987814e-02,1.011970896286969700e-02,3.938152372422969172e-02,2.618506372138968905e-02,-2.192193005836897898e-02,7.619590378243779050e-02
-1.702014621524887764e-02,-7.631950386162121569e-02,-7.633189154926027509e-02,9.330158019304618522e-02,1.163880673020256488e-02,-4.298466291685832524e-02,-1.239869380446663866e-01,-1.501114170579819808e-02,-7.059742186126810592e-02
-2.535098359114620545e-02,-1.150951392388014499e-01,-1.413472346460213358e-01,1.738085590858874652e-01,8.907685579881835514e-02,-1.099216861930587819e-01,-3.376873427511793008e-02,3.129327934157613567e-02,1.024713812669599544e-01
-3.594959365965682413e-02,-1.579103305533325896e-01,-1.984133706277325937e-01,1.585246873400613932e-01,9.429785075786389914e-02,3.065058656217985872e-02,-3.205843849376917212e-03,-3.311460807627959052e-02,-2.092743486890730892e-02
-4.721280188512063519e-02,-2.027557722689714570e-01,-1.943390093450993727e-01,9.019953144073708518e-02,-5.205651381856479104e-02,8.991275393768702329e-02,2.686979684667270898e-02,3.979306703457977101e-02,-5.401711978650772239e-02
-5.967538724725469229e-02,-2.315039619221578027e-01,-1.509616145320170078e-01,-5.142689856250821229e-02,-1.281421304829004626e-01,4.125537481853030000e-03,-1.195768303049840435e-02,-4.256856410686570003e-02,8.485649539906163497e-02
-7.233629376496793217e-02,-2.446577237132236127e-01,-6.975065258337236063e-02,-1.432748742580058354e-01,-2.796730234833452733e-02,-9.964998729485559370e-02,-1.685683126620930727e-02,3.623883996401815882e-02,-6.507911704594455948e-02
-8.437863932160284686e-02,-2.356073285726291433e-01,3.420289396130839210e-02,-1.457385171032085924e-01,9.816557067636337564e-02,-2.011680567624784741e-02,7.456962330635349967e-02,-1.679823903207357944e-02,7.581668286624463488e-03
-9.550592193605088320e-02,-2.027431715595249262e-01,1.245111394789455567e-01,-6.719338652097348041e-02,8.483183710047363657e-02,1.034980705442694743e-01,-8.879083937000657734e-02,-1.353773568485901017e-02,3.116204379369046443e-02
-1.031254478050640522e-01,-1.421063640902446856e-01,2.198299069697512431e-01,1.400011317077878847e-02,-7.778497795709829465e-02,6.717793098110759475e-02,5.344122037694006705e-02,4.793320496508614303e-02,-1.175376858933413309e-02
-1.114388654841664134e-01,-7.718144627673656499e-02,1.822379998226156816e-01,1.287763068681890277e-01,-2.749309922455321978e-02,-1.264282494238777588e-01,-9.378150070386645498e-02,-8.330435797708572732e-02,-3.730098556509283542e-02
-1.161227029581057002e-01,-1.003757584701442732e-02,1.208151505523195196e-01,1.297878347404275989e-01,4.483476570697678132e-02,-4.409968896394710069e-02,1.181178961212264594e-01,1.240313301798437740e-01,8.777166390596231882e-02
-1.172302340413511196e-01,3.768114262765531047e-02,5.534156682318579906e-02,1.313448324978550852e-01,2.059875929045029783e-03,5.860044117719735712e-02,2.326010810528462980e-02,-1.518394669108971418e-01,-1.473811627173096661e-01
-1.147187560399983153e-01,7.634250396714320486e-02,1.370474187623344289e-02,5.750517406469409648e-02,-1.138149523030504290e-01,5.715490269713333765e-02,2.808005694322718987e-02,1.602249104032804905e-01,8.219355726078567126e-02
-1.110438095428459837e-01,9.353924089836583577e-02,-4.218100749784065712e-02,2.649460840175331053e-02,-6.184921646965031716e-02,-1.174547756003397059e-01,-6.216867974055559354e-02,-1.836221583452833928e-01,1.009546050390899841e-02
-1.073524063554438523e-01,8.874706417854318075e-02,-1.084142930885347161e-01,3.578847694793253764e-02,1.127196904305635544e-01,-1.144139430734397861e-01,-1.074505504151366218e-02,1.851726956509729127e-01,-6.505001965600651359e-02
-1.019137911372967331e-01,8.131450698547505740e-02,-1.160233396025218272e-01,-1.614831942899010511e-02,8.043198806115535449e-02,1.296726915701946758e-01,1.323194740595718955e-01,-1.506147285818646153e-01,9.285032250306461676e-02
-9.641972196523723726e-02,6.952953578849108141e-02,-1.007381028662633349e-01,-5.041161647845955607e-02,-7.560935161222494261e-02,1.260749063654393043e-01,-1.840601233979126394e-01,8.672019809119911604e-02,-1.062027035903430755e-01
-9.171514165374844429e-02,5.221110015755595080e-02,-8.272127535774087548e-02,-2.211074714306463657e-02,-7.450971824282812128e-02,-1.452518078027241200e-01,2.841390814091048281e-02,-3.561116567717096532e-02,1.423142691304482566e-01
-8.699953485614402016e-02,6.562002447188404475e-02,-5.667280417762966815e-02,-1.774785305546602299e-01,4.595048437435455407e-02,1.453715343524116660e-02,9.213657266193160666e-02,4.121694583667244449e-02,-1.001568821648920055e-01
-8.101721499268398075e-02,6.532423716951578363e-02,-3.277231618684937290e-03,-1.258566605338133082e-01,5.806106033980069220e-02,5.549531541627043818e-02,-4.239136790084358647e-02,-6.426623083302762662e-02,-4.993467961952274131e-02
-7.504121293167048679e-02,7.925090282930867536e-02,3.492941617376344593e-02,-7.556144164923143947e-02,1.761168833312908716e-02,5.160840289891316379e-02,-9.522896375084878573e-02,6.418252959074335906e-02,2.015404959386751516e-01
-7.006788101553908243e-02,8.306369883844196000e-02,2.315992061689154877e-02,7.445069619228782132e-02,4.245596331139866314e-02,-9.962138006959850300e-02,-7.225216677678777955e-02,-6.944556384111211234e-02,-1.575387757957028290e-01
-6.875587361790801155e-02,7.223658238479085947e-02,-8.796126379011719176e-02,1.951728386637784085e-01,1.491890864642826109e-01,-7.468285371752937662e-02,-2.069724464691017479e-02,7.851907520383047401e-02,8.186782196249960120e-02
-6.658301750721774825e-02,5.736519665448148314e-02,-1.560718332437536493e-01,1.294742613351096416e-01,2.749992500525311537e-02,1.506955095466338546e-01,4.672241331179464302e-02,-6.447825631215488296e-02,7.681137179047682617e-02
-6.320168669359355063e-02,3.371284228007367240e-02,-1.522364891009193866e-01,7.603177101393469167e-03,-1.894898005470365965e-01,8.101223712086250139e-02,1.299740052858398137e-02,5.609396541558809429e-02,-2.074720399516002678e-01
-6.021783639801976673e-02,2.351942944169154934e-02,-1.180869516052635987e-01,-1.957105212997140298e-01,-1.585298343973514379e-01,-7.950483312284103987e-02,7.331343027537416679e-02,-3.238054150998020964e-02,1.775472003841060686e-01
-5.963866724528270324e-02,-3.735398761635577540e-03,-1.087907799464145897e-01,-1.712258187124367781e-01,1.610867607623727993e-01,-1.874014162143899098e-01,-2.322561929694704763e-01,-4.342674243330527095e-02,-6.571802531468318165e-02
-5.805702897280826807e-02,-2.657922983939589590e-02,-3.697892780128007872e-02,-4.537077398803625317e-02,2.437891954213620149e-01,5.132394783692421220e-02,1.644251199627606852e-01,1.278987271803556092e-01,4.136305287248885632e-02
-5.893169987171983926e-02,-3.074912346289800785e-02,-1.062772603057304116e-02,4.021948756057465435e-02,4.672643655045660704e-02,2.443487405949350266e-01,-1.410108545581652828e-01,-1.855003571804164364e-01,-1.599580578985335816e-02
-5.971482336671664337e-02,-2.763637993804425597e-02,1.303911810319556899e-02,8.947730230019453057e-02,-1.832044525200346163e-01,-2.418793107561141662e-03,-7.434071287753643564e-02,2.075502175025958351e-01,5.884601517416274824e-02
-6.186028365120135181e-02,-1.154891082456460313e-02,-1.638898131357641175e-02,1.453719553740093727e-02,-7.530964310773821668e-02,-1.888121062892293978e-01,1.204011640077057438e-01,-1.750970839138711044e-01,-3.474857175646411944e-02
-6.464455086705107878e-02,-8.806401195168123142e-03,-7.365115791289476854e-02,-2.478179508260780137e-02,1.560340086653951297e-01,-5.272859259275882587e-02,-5.667066442475730825e-02,1.291766944740501410e-01,-7.184355629220424977e-02
-6.474797347872596198e-02,-1.964176133950753383e-02,-5.374872631843747445e-02,2.209824131535888941e-02,9.157325544892210012e-02,1.206288122077003172e-01,4.184221985550317519e-02,-1.005164274319285400e-01,1.641116458715441428e-01
-6.518961657962560330e-02,-2.239136212678451490e-02,-3.245201649927164506e-02,3.029305395185951516e-02,-7.973889515870138944e-02,9.286356318088410944e-02,-1.127102485067137810e-01,6.595093716834690700e-02,-1.488388039149050601e-01
-6.576231681725917821e-02,-1.738160988378367744e-02,-1.678025658465300343e-02,-1.434052272852618867e-03,-1.140911706266250769e-01,-9.121930197227133552e-02,1.075334094993748574e-01,-1.387258831418997779e-02,8.612265271188290772e-02
-6.728012317730848457e-02,-3.956204081216812413e-03,-3.709057354794488559e-02,-8.708551861782425074e-02,4.965784552899547843e-02,-5.882384780043377337e-02,-6.783076757735584383e-02,-2.975749345001804311e-02,-2.162757410169000374e-02
-6.689241977403656558e-02,-8.352058399912997561e-03,-1.550085413596381800e-02,-8.655744241217773124e-03,1.062554215898591781e-01,-9.723269393895627583e-03,1.902062599905376961e-02,4.662352893332896014e-02,-2.652835673786859902e-02
-6.737926739124719400e-02,-5.997406185747206943e-03,-1.867038637139758692e-02,4.146102201546452565e-02,5.373307202768963509e-02,8.376743777479196684e-02,-4.394725958895084883e-02,-5.575029728585776528e-02,7.320557112798334320e-02
-6.719575495380068764e-02,-6.047087875321303539e-04,-1.349401984773131863e-02,5.250164270450435877e-02,-6.678655970512059614e-02,3.541878648834823062e-02,-2.529621740694933812e-02,5.965107035010559777e-02,-4.237327322964475756e-02
-6.794891125350165095e-02,2.645528180570231799e-03,-4.064548485391678012e-02,4.062817326533908757e-02,-4.433826766734334790e-02,-8.597252990937929995e-02,1.988553199322984355e-02,-5.152145615458414429e-02,-5.145312653055221638e-04
-6.915317930408711178e-02,1.490218525496888593e-03,-7.952351654386458080e-02,2.527446203084567316e-04,6.427705716099869904e-02,-3.990312689714688166e-02,-2.907496997734989111e-02,3.784103046015986627e-02,3.599594385551558445e-02
-6.852920278448393354e-02,-5.434038868286038097e-03,-6.179486311826939970e-02,-1.287150678133820898e-02,3.540262105700335560e-02,5.764409909100345897e-02,5.212195431624462583e-02,-2.170189959184698480e-02,-3.301844664360902015e-02
-6.766516469387988397e-02,-3.280838792453652942e-03,-3.080519709939990441e-02,-5.242896191540769718e-02,-5.298375740007345985e-02,7.525217612272858125e-02,-1.836275037137043153e-02,1.167760121771404570e-02,-9.019527536671158308e-03
-6.818544073853062548e-02,-8.412045192977796876e-03,-3.424647618277260747e-02,-1.941639568383241293e-03,-7.179607410260436910e-03,-9.740457038588901106e-02,-1.186130229958728688e-01,-3.162072233380057440e-02,6.210096130867779479e-02
-6.867392126029366051e-02,-7.444179874473005713e-03,-3.687089117554856466e-02,7.505066242445282074e-03,8.257606082283124038e-02,-5.217111520714463185e-02,6.922963021767088165e-02,6.520572320676906730e-02,-1.194795709286165623e-02
-6.971408742141607662e-02,-1.143135600769911754e-02,-5.155946923440516555e-02,3.993698384624050357e-02,7.564011287503159819e-02,6.668240771645687903e-02,-1.363978115915354811e-02,-8.420481277066865777e-02,-5.985391610372711724e-02
-7.063129010163812782e-02,-1.590853826100497442e-02,-5.666571169809653252e-02,4.616430784004676990e-02,-3.328596714517032679e-02,6.711604661086917334e-02,-6.944384490799725140e-02,7.973263158682362961e-02,1.127819565457766071e-01
-7.132910978582177042e-02,-1.804711974826185908e-02,-5.084346036107955519e-02,1.936306355507741786e-02,-7.594199969102044534e-02,-5.348726063153948218e-02,2.211672270616358085e-02,-6.458573111056911675e-02,-5.730345939028536062e-02
-7.141080474928861166e-02,-5.720202593655806557e-03,-3.243746312818601707e-02,-9.583351006215100332e-02,-2.588949961816270837e-02,-9.035543227403627226e-03,1.029512556586323208e-01,8.040436642391006472e-02,-5.529624657617020905e-02
-7.015672385325669169e-02,7.454581079090270845e-03,5.795324216057474130e-03,-1.358336466121054520e-01,1.761831316856545329e-02,3.276996689609985164e-02,-4.168186349211507047e-02,-1.054749149196721747e-01,7.359495036463030437e-02
-6.911214268780303815e-02,9.190696802176814492e-03,2.200618091135080404e-02,-5.906217580611407107e-03,7.803663370408804589e-02,-6.070181488213335919e-02,-1.559852511630187288e-01,7.929456718898313106e-02,-1.404975725326662594e-02
-6.862980828197337568e-02,1.445684256089820215e-02,7.815383101912770289e-03,1.032772360047883170e-01,9.523937126037350376e-02,-2.329266082695650650e-02,8.651550879268027350e-02,-2.984418478422485796e-02,4.131758534044247672e-02
-6.864160226688452437e-02,2.546491160175326854e-02,-3.518629929518529015e-02,8.737124648375284297e-02,8.168725639332467120e-03,1.132278447614723793e-01,-2.880100007744362464e-02,3.872952770957161211e-03,-6.170211609412339093e-02
-6.643564429314649522e-02,3.337469932022245345e-02,-3.343836203029503656e-02,1.938832573797827016e-02,-1.441940068971179767e-01,4.029170406786267145e-02,4.900931483602926492e-02,1.894852522259901986e-02,4.611176581762081034e-02
-6.420916900967960084e-02,4.328865648352437506e-02,-4.058984654770624034e-02,-8.323062922231411198e-02,-8.392333794775645728e-02,-8.974707581584594196e-02,-2.114412369329591798e-02,-3.681730463492894484e-02,-3.727541062976874597e-02
-6.132561464543358210e-02,4.383148150966841711e-02,-3.590935331116078960e-02,-9.482002703088875106e-02,8.666329327509340874e-02,-8.836915331935951690e-02,1.828301152724472189e-02,4.225257246492776508e-02,3.239943931759425161e-03
-5.745392920060184844e-02,4.700962891857349280e-02,-8.232250281957721044e-03,-7.003388986873210209e-02,1.136021413764346649e-01,8.964775977321423617e-02,8.189865250750744119e-03,-4.223755040416402734e-02,3.287349616819923437e-02
-5.354019058302110501e-02,4.788841966389405236e-02,1.376056308038236739e-02,1.902467329573015106e-02,-3.382261802607161843e-03,7.916072064044968326e-02,-9.773933834846589008e-02,2.355958077735564871e-02,-3.236798892843897185e-02
-5.020458917552186873e-02,5.663741483042095126e-02,7.572889137393480456e-03,4.215691830100356391e-02,-6.481033595480702181e-02,-3.600582540627170203e-02,2.648208635938543998e-02,6.051170666107602049e-03,6.654175229773320877e-02
-4.766435303336154228e-02,6.461678412977465980e-02,-3.354242997975712126e-02,8.916886769095808477e-03,8.580601881354857352e-03,-5.851774090900382919e-02,-8.217664882803669968e-03,-1.990298486508898512e-02,-6.794004362215738668e-02
-4.388376117203279109e-02,6.435768230341624985e-02,-4.635066347457746094e-02,-2.017759599665022371e-02,3.619539251492769061e-02,2.002181025197945913e-02,5.536452338350175001e-02,3.459036426917805329e-02,2.430307626405727936e-02
-3.984287710255875886e-02,5.967402669736632942e-02,-4.573698350259593204e-02,-3.309039793382589217e-02,1.251798374932517471e-03,5.480645403429775658e-02,-5.690097094474334816e-02,-5.593123658369927170e-02,1.455610410414498630e-02
-3.635056265537826153e-02,4.721226379666679934e-02,-4.620052387787993570e-02,5.929538374006276293e-03,-8.063670903861161476e-03,-4.021738715670121478e-02,-4.951882617544044879e-02,5.758110616818441080e-02,-9.069921438586588808e-03
-3.356120332606211260e-02,4.157560603804637267e-02,-5.044137328529853248e-02,-1.770948519569993246e-02,2.240468445371378292e-02,-1.428275510104087993e-02,6.320898006802529168e-02,-3.418651401712560767e-02,2.876276235893982305e-02
-3.085922079364625259e-02,3.653369087252369279e-02,-4.505150996817635506e-02,-4.709636217235982358e-02,1.512934585724399345e-02,5.082423439194480586e-02,-3.116370603030781464e-02,1.375150643527817650e-02,-5.423098126017994458e-02
-2.822943996953908991e-02,2.733939710100940709e-02,-2.910894404515387487e-02,-2.335543533532990351e-02,-1.133770674946337625e-02,-2.274489365647957857e-03,-2.415336627471154768e-02,-7.394782162579064712e-03,6.364796297103868239e-02
-2.618072308008076790e-02,2.587472711578987089e-02,-2.008320394100096551e-02,-3.331488680026886695e-02,5.399183420062805827e-03,-1.343344369313133856e-02,-9.576622047583013830e-03,8.691416937004916785e-03,-1.418650311394521399e-02
-2.386765819268433023e-02,2.702876361574917466e-02,-3.332698099404712583e-03,-3.638846582965340332e-02,1.046362395821199935e-02,8.828441969820986779e-03,4.243874588249924029e-02,2.150648665933689498e-03,-3.903895290641903881e-02
-2.219549079147241713e-02,2.833527262270281455e-02,-5.142446968901600614e-03,-2.162367101432183247e-02,1.912748734968360009e-02,1.590187558104571436e-02,-5.847361194861912942e-02,-2.014167400172026112e-02,5.347024101754261488e-02
-1.983863879778395567e-02,3.033230837495533641e-02,6.309397656754756924e-03,-3.181024657640895911e-03,-2.577325655237984198e-03,7.567753991700030994e-05,3.929161090483871722e-03,3.277532050323996721e-02,-4.625269461857033949e-03
-1.793083664606627201e-02,3.339254654629577462e-02,8.364236678534921112e-04,5.746962930406440684e-03,3.643301537196135388e-04,-8.650804868472814282e-03,2.171870383915602137e-02,-3.029040104995294955e-02,-4.448768220331520556e-02
-1.595794039885858884e-02,3.791509617798478199e-02,-8.550461348651072074e-03,-1.542203332320944004e-02,1.192905307238437563e-03,2.087092248066364439e-02,-1.058589881158234457e-02,2.632743091997429355e-02,5.459560217006990956e-02
-1.327853996723073020e-02,3.839490204979545407e-02,-3.271368420276155650e-03,-1.378063042922166199e-02,-1.337221552921096304e-02,-1.764910389198627496e-03,-6.530338330921581051e-03,-2.654827915943579544e-02,-2.701295846128319231e-02
-1.092045746999306677e-02,3.842061651760107083e-02,-6.927893150809779667e-03,-1.163173133893190964e-02,3.577680694648951391e-03,-1.572622456207517505e-02,8.673866910519738294e-03,2.977974748882597500e-02,-1.359047203774729241e-02
-9.019938088359703149e-03,3.525309676809102594e-02,-2.007196480146892364e-02,-1.502713121371762389e-03,2.932095563614445927e-02,-3.044186987286649944e-03,-2.368512400676528462e-02,-3.562017457281517474e-02,4.552389554555381912e-02
-7.016339379126028224e-03,2.889747677949516119e-02,-2.337441507531104815e-02,1.202449965979983035e-02,1.451495741826910879e-02,1.336437669805606680e-02,-9.337607017164829826e-03,3.707263896393242497e-02,-3.209803725417516296e-02
-5.329253815921859531e-03,2.325119738889829327e-02,-2.474149166354415452e-02,5.268933159003693842e-03,-1.539794519556335860e-02,1.398826621823532484e-02,2.882241432262091368e-02,-2.735518120781480975e-02,6.758037470627532330e-03
-4.050043323894676403e-03,1.970518633826422866e-02,-2.721438011411909247e-02,-2.687313280917493635e-02,-1.919526596412698613e-02,6.986522120524693742e-03,-3.078953709798125729e-02,1.563982129767579887e-02,1.025623368171756436e-02
-2.649307063789357528e-03,1.298516868264410103e-02,-1.703965745848141575e-02,-2.514885326702748919e-02,-1.766137713109521446e-04,-2.942131031576333475e-02,1.090049970886636591e-02,-7.460544285516959410e-03,-8.634363095994523896e-03
-1.942836296732171255e-03,8.542291497921381677e-03,-1.537179042976384233e-02,-2.311655590622246209e-02,3.487892225875329627e-02,1.402933581784468562e-04,-6.737065570813088183e-03,3.468255833745483192e-03,1.043975061065186049e-03
-1.170408739954020318e-03,4.368344428100336130e-03,-5.088341330916822287e-03,-7.099922495797272859e-03,1.643443533542152113e-02,2.826052242311622581e-02,-7.843977121943863234e-03,-2.253233566219647876e-03,1.460201768524833563e-02
-7.654978168244534189e-04,1.899289325338723812e-03,1.525606556085868856e-04,8.336877150608490439e-03,-1.288309884897211217e-02,7.078733415974965658e-03,-1.526650428596119588e-02,1.077601493037040094e-03,-1.189776327434357260e-02
-7.235459828446689579e-04,1.813966855241056116e-03,-2.501728847338757691e-03,4.621749895917041592e-03,-1.116933445580609724e-02,-1.562563085868803880e-02,1.041219171028753658e-02,4.541071679343971525e-03,9.830714386407706992e-03
-6.809041268929610620e-04,2.516502402608328508e-03,-4.989927886596023932e-03,-9.843877225392079142e-03,5.046570960825822773e-03,-2.582322580963983261e-03,5.423442675623110949e-03,-6.511611809453510778e-03,-7.704958455526294235e-03
-4.490708583457863560e-04,1.418984421125704491e-03,-1.645695749605224868e-03,-7.629374648537343151e-03,6.060263057252664176e-03,6.239621754463873203e-03,-2.134613923375469017e-03,5.263241175270235057e-03,-2.889311121884437315e-03
-2.950390656601982855e-04,7.449393138832608721e-04,9.173270170107303972e-04,-1.605300249196135775e-03,7.653898415460756634e-04,3.610566066734621250e-03,-7.753071741421986574e-03,-5.668674160137943119e-03,1.396545912713170745e-02
-2.178201187721986987e-04,5.783642938816802156e-04,1.682261235940105343e-03,3.398298750663493288e-03,-9.819530660615841903e-04,-4.098993710606551460e-03,-1.841778923147716768e-03,6.287521790318839794e-03,-1.132842215059417720e-02
-2.543406976562955077e-04,6.669555371702092471e-04,-6.521186190566732530e-04,4.110554034767644263e-03,2.197292814069769489e-03,-2.407523054388223914e-03,8.037305819415020008e-03,-4.115454696459922880e-03,2.830148105876497452e-03
-4.051574327788940041e-04,-1.763839572826244077e-04,-5.296694670734438705e-03,4.888534951835494906e-03,4.745282662568970147e-03,2.020127204551667739e-03,-1.277178175801525588e-02,-3.426977936171581984e-04,4.708724428496309684e-03
-7.695958011063472543e-04,-4.461473043956987010e-03,-1.184419320642783775e-02,2.009757522482825617e-02,8.029614102018162169e-03,-1.125797958803510281e-02,-9.939982745119639584e-03,3.089949776401535006e-04,-8.059140926574858733e-04
-1.446634072283461579e-03,-8.793781193486751441e-03,-1.974385460141257417e-02,1.889465796631835046e-02,8.185842301583564143e-03,9.252037086869362680e-04,6.628709620770611120e-03,2.697384157447087205e-03,4.524101382642957241e-03
-2.113806137281599041e-03,-1.263425291243229671e-02,-1.967308577568105746e-02,3.099116925872265425e-03,-8.676733662903628533e-03,1.485242688012966723e-02,5.838415252083047589e-03,-2.881136794779880217e-03,-7.432065709548215174e-03
-2.979249216114862337e-03,-1.706785132258168552e-02,-1.679047785492880987e-02,-5.447568634460021701e-03,-1.272845828755916377e-02,-5.931039570003974505e-03,-1.149031658243332421e-02,-3.057436080535014603e-04,2.906966789222031455e-03
-4.042736572223406578e-03,-2.042297500773952723e-02,-1.215320720700620652e-02,-9.951446109437652593e-03,5.878578054597926629e-03,-1.595007357041850621e-02,-5.537659132047697327e-04,2.229448020469875988e-03,9.038343847883118648e-03
-5.569658424407627866e-03,-2.541264778462053869e-02,-1.302092603279647945e-02,8.857138164469164493e-03,2.934098914281872347e-02,-1.019041591666208953e-02,-1.593190158874248363e-02,-6.812664484164383458e-03,-1.048445879023532021e-02
-6.952605100590487919e-03,-2.661495439704718996e-02,-5.464671110199531730e-03,8.229376189168585362e-03,7.181670655386595929e-03,2.730656263783658860e-02,1.919033643349161294e-02,1.525353502642800771e-02,1.592801193816595698e-02
-9.366047354180095583e-03,-3.340807803643894291e-02,-1.913164976471416756e-02,4.444480182278705283e-02,5.694900231954118375e-03,-1.976194442782039026e-02,-6.489545363075578666e-02,-3.411547812159360787e-02,-1.149739309737414505e-02
-1.249804303553371521e-02,-4.281645414720715304e-02,-4.043409068489850489e-02,6.505703403702786658e-02,2.504971142422502545e-02,-3.531204507325978736e-02,3.621873745467831408e-03,4.723870700619480639e-02,3.754877336462449783e-02
-1.625885943690826008e-02,-5.431795907720231298e-02,-6.069668092161836781e-02,5.648151150154802347e-02,2.410318088962159003e-02,9.373220004677823916e-03,1.171001444458993554e-02,-4.909408740025741208e-02,-3.187820294408482552e-02
-1.996813990210188211e-02,-6.476612157298770878e-02,-5.875443353428658200e-02,1.639547425004199768e-02,-2.588791366264630786e-02,3.926208626521555251e-02,5.744538104740794585e-03,4.938029461035041423e-02,3.120117175740297257e-03
-2.384948850775388610e-02,-7.309033028039951807e-02,-4.266540277747302157e-02,-1.879681877503254148e-02,-4.269931395921741646e-02,-1.523182816515123751e-02,-1.341485046063208182e-02,-5.232518795936828143e-02,2.409604195289505660e-02
-2.846730631041602053e-02,-8.032091667906308963e-02,-3.176078329896445812e-02,-1.870338515110868405e-02,2.409866353706126285e-02,-5.824930806344338907e-02,-3.154758167101174432e-02,4.514990269240366783e-02,-2.759091244529002229e-02
-3.275311710056660192e-02,-8.022264048949628856e-02,-6.335676766415424335e-03,-1.657223565881938906e-02,5.110802549797913846e-02,1.536353862437904449e-02,5.682008244650318951e-02,-2.610478364567467291e-02,3.107691780620467845e-02
-3.663210699848728352e-02,-7.130242885443624501e-02,2.258186463139806935e-02,-1.469004519347847509e-02,-3.201785076461012829e-03,7.057779529074600933e-02,-4.040189696732882085e-02,6.497441741112683009e-03,-3.548745549637230545e-02
-3.980483715490079621e-02,-5.745831490412844911e-02,4.904940834582138115e-02,1.054353098371868178e-02,-5.307644875960721570e-02,-1.697829712281286735e-02,2.694771538729438549e-03,5.796629050611615784e-03,3.365740420451269338e-02
-4.284321541779492759e-02,-3.473273464744297545e-02,4.673239082182476661e-02,-4.307574200028588631e-04,-4.630858914501078880e-03,-4.665398499980359659e-02,6.712553925463761624e-03,-8.203792951020210181e-03,-1.515815785264267371e-02
-4.534749256436104714e-02,-2.092885025241639566e-02,2.579570393714943066e-02,4.479328715314103565e-02,5.827234397044022546e-02,-3.352650962827730119e-02,-1.175411439915541832e-02,1.262309652294138062e-03,-1.761672962385638780e-02
-4.683843516663988710e-02,-8.696748230438257690e-03,6.970482983855211777e-03,6.187453754379312887e-02,3.012544966747021657e-02,4.582597064691058125e-02,1.381434550454522028e-02,5.204993672496245095e-03,4.850626800251022636e-02
-4.789286556787223509e-02,-3.692239774935746153e-03,-1.621478441632102918e-02,7.575132139726885316e-02,-3.557891728360051270e-02,1.422181190146138037e-02,-3.552291261003329842e-02,-1.751033763890341363e-02,-4.940877757037181323e-02
-4.817609839232445818e-02,4.023164041403124933e-03,-2.887183878327929595e-02,1.505664547404758635e-02,-6.078711722203111734e-02,-1.686052073428588594e-02,6.530931636037319576e-02,3.994474486777039451e-02,2.882981125791891919e-02
-4.837078485362848040e-02,6.536653237197303373e-03,-4.375227512898154786e-02,-3.407328409799805641e-02,-1.496034395024497306e-03,-3.362616180639869251e-02,-3.083509942801646725e-02,-6.311709772728364698e-02,-2.577362418123507401e-02
-4.855305767954957302e-02,-3.331684634343768173e-03,-5.176610323688150134e-02,1.255199566489775256e-03,6.747701147336117311e-02,-3.912557419876350195e-02,-4.028550162118656880e-02,6.028233334987417175e-02,2.371232417519037600e-02
-4.837364005031208336e-02,-7.716534603705982494e-03,-3.950245660938911385e-02,3.350924126160401487e-03,4.038385843689922677e-02,5.380077498219397458e-02,4.424897294609361070e-02,-4.192749244394453068e-02,2.367018791881738901e-02
-4.915330879749627707e-02,-1.493418236544048067e-02,-4.268081975916783455e-02,2.906373653966153048e-02,-1.303520109261849420e-02,2.641957042590710458e-02,-8.348776858523032640e-02,1.466855271911623668e-02,-6.126007306186117413e-02
-5.015415146127391588e-02,-1.868963528266029753e-02,-4.352140384373272275e-02,1.876478152419571235e-02,-2.750918306738525665e-02,-3.386876389651541364e-02,3.143235607269417170e-02,1.304432737894188621e-02,1.027604095970288678e-01
-5.159615074369904020e-02,-2.009999778716679841e-02,-4.996940211842383628e-02,-1.531233002640772917e-02,1.804235612873866801e-02,-1.974615080399215461e-02,-1.850117429932271809e-02,-2.998344350185973284e-02,-8.803347138264552840e-02
-5.234154751445415504e-02,-2.253791313316682449e-02,-3.317406949049625520e-02,-2.414861131406380659e-02,1.861947640680420429e-02,1.886512939761910215e-02,4.015139223124479517e-02,4.529934186655312084e-02,2.523692664031297259e-02
-5.320071689007195570e-02,-1.991437836560701682e-02,-1.842568785378184693e-02,-3.147641418913965650e-02,1.464890095650132939e-03,3.161810927031058482e-02,-5.765088646353744989e-02,-6.375057323864756487e-02,4.193052944589165804e-02
-5.442002925460936308e-02,-2.336803876634636207e-02,-1.512248334793329756e-02,3.166720498640039627e-02,1.712714261747023611e-02,-5.574793486397462000e-02,-5.195321165366542648e-02,6.192483688337237918e-02,-4.649874296914485033e-02
-5.638117545520581614e-02,-2.209894077493830891e-02,-3.244417242774332022e-02,4.677087071427267484e-02,5.023550208250791155e-02,-1.495133134474998723e-02,5.353566654990463830e-02,-3.988304777592146383e-02,5.764174418012952411e-02
-5.723435641592840989e-02,-1.392953257891851176e-02,-2.675504637304684796e-02,-8.397209884522503082e-03,-1.493062903443053216e-02,9.161829214578325054e-02,2.445368545583298872e-03,2.826392051115849194e-02,-5.363963213466446667e-02
-5.741147948757290009e-02,-1.099922072135356248e-02,-1.079736538460507149e-02,-8.661051562906887241e-03,-7.105084476281434136e-02,-1.461392025154300764e-02,-1.769319689904108941e-02,-2.874014386313033381e-02,1.061871202047664185e-02
-5.894676005887542619e-02,-9.721083717812873531e-03,-3.498356507286386197e-02,3.887108887848095620e-03,3.454070258306005808e-02,-9.852386808402496809e-02,-7.223311461774853393e-02,1.475862521303363158e-02,5.296772926543442950e-02
-6.010765090022237439e-02,-1.520240812750360722e-02,-4.836810492991448773e-02,4.216451785179669426e-02,1.042236539799614309e-01,-2.081150197231255300e-02,4.463725571410673276e-02,3.768070813575823564e-03,-3.994373421275768804e-02
-6.141251043998754294e-02,-1.984933321761465225e-02,-5.712380461332333681e-02,4.591615382014727076e-02,3.019166239882711822e-02,1.050514277530873869e-01,-3.309542640698968224e-03,-1.144221103817341656e-02,-2.098951459180938440e-03
-6.167920485937475328e-02,-1.733646970325853146e-02,-3.487301533789686353e-02,-8.933812958971975790e-03,-1.118453360656596757e-01,6.248603102010254207e-02,-1.301023115431629643e-02,1.521304334709732385e-02,4.567965705629434964e-02
-6.266089010172384843e-02,-1.651407485410653214e-02,-3.230523091344826569e-02,-2.982285910157170261e-02,-5.757416426816205218e-02,-1.206129528123857514e-01,-3.634598726424627391e-02,-2.424617723255183960e-02,-5.718961690122295605e-02
-6.357946476020252813e-02,-1.141540210622693854e-02,-3.186955620168577252e-02,-5.857462522352930440e-02,9.061852908243378524e-02,-5.694727233029722724e-02,6.240706649656530686e-02,4.303004533045441671e-02,4.551168143513132508e-02
-6.419078858488590222e-02,-1.356518037191097037e-02,-2.586469083680854181e-02,-2.808224151395057305e-03,1.086256438941407276e-01,7.027122957118510371e-02,-7.175800684519387240e-02,-7.235624061510004257e-02,-1.993546238777643004e-02
-6.429500333526373679e-02,-1.419700945421012092e-02,-8.506812759298942178e-03,5.942488608183353616e-02,-1.851561189075540820e-02,6.441759619559686567e-02,-2.334581315109182306e-02,8.732449262496065623e-02,3.154498556955651067e-02
-6.530240745830030724e-02,-7.463463983758153106e-03,-2.224634637466370649e-02,4.951586835127326502e-02,-6.731383306854252235e-02,-3.194723299356815732e-02,2.558306885776716940e-03,-8.264562120064525286e-02,-1.283778590524277874e-03
-6.596999847652208759e-02,1.863684237354809418e-03,-3.841323219477829620e-02,-1.758909055911784397e-02,-1.567794406102334184e-02,-4.195699645474294803e-02,2.719396371358135528e-02,8.443941365934058696e-02,-3.696303067274489540e-02
-6.626744369516353317e-02,1.894227663986592335e-04,-4.877936218935238072e-02,-1.651636548853298303e-02,5.302497473913126563e-02,-2.308431377475704885e-02,-1.217441952037973986e-02,-9.280750062381905308e-02,3.779146391010700795e-02
-6.668810657484489091e-02,-7.281334363614794074e-03,-5.580563688866440469e-02,2.044793000055158960e-02,6.454965321431291314e-02,2.005459816598179068e-02,-7.618824159918033412e-02,7.820391249546100598e-02,4.855712883442758060e-03
-6.647839076196035424e-02,-1.086659136902295292e-02,-3.892726831014672872e-02,2.977056822424810345e-02,-1.522577966181058555e-02,3.707830052194753534e-02,7.041648864710821354e-02,-4.592858254621453445e-02,2.114419967551497449e-03
-6.643350857047382318e-02,-1.251689852675643257e-03,-2.832539122678489826e-02,-4.655108827236071473e-02,-6.591892863169172834e-02,4.237990098401833022e-02,-1.553983205727258593e-02,2.911638199092364890e-02,-3.739516479212832978e-02
-6.622303824339820233e-02,5.203501463325972340e-04,-2.113644126721602942e-02,-3.727931001391277671e-02,-1.359697391652969420e-02,-8.073006775394658829e-02,-4.358865607480536669e-02,-3.353206953925046141e-02,5.080211417584308553e-02
-6.612043712407333906e-02,4.316511487635785356e-03,-2.310032709646070784e-02,-2.068022835730929168e-02,8.738567747882049208e-02,-4.071162540493218629e-02,-1.806047328982490633e-03,3.787030324765201100e-02,-5.166001087687228065e-03
-6.607326175467906348e-02,1.299840764266635244e-03,-2.967376592094879417e-02,4.656776270531520073e-02,8.277694369754645676e-02,4.236250466998300185e-02,-8.950069217456002590e-03,-4.025732275383423625e-02,-2.616366066238334787e-02
-6.604792902836011115e-02,2.589617008465497187e-03,-3.745145402384804367e-02,5.280068458692324662e-02,-2.383398911121352784e-02,7.615538652264161601e-02,-3.097486241728125353e-02,4.034240956442886050e-02,6.065152318671759857e-02
-6.558242286474981475e-02,5.778250271065954805e-03,-3.703569187151633385e-02,1.585745724185033331e-02,-8.964722867112671911e-02,-2.225611339266201499e-02,1.244309518527412714e-02,-3.257779926439127033e-02,-4.066496534601553303e-02
-6.487662570089948455e-02,1.439916540254558217e-02,-3.632220160387849422e-02,-6.629282107216974418e-02,-2.792535330573299793e-02,-4.879035529107139668e-02,4.873905661455418814e-02,3.896354691861604602e-02,-2.032687635597735937e-02
-6.318715753276579750e-02,2.120623244452266021e-02,-1.857447272365560231e-02,-9.664224812134253328e-02,4.752570440771029109e-02,2.671136915618128362e-03,-1.299169551061364614e-02,-5.072974146288362907e-02,3.836091853933551454e-02
-6.090034131754885199e-02,2.342966666912479901e-02,5.898279326884968074e-03,-3.153571573515009246e-02,5.814830747424896279e-02,1.609349009479368181e-02,-6.604787960638790201e-02,3.964906182260546919e-02,-1.809928954342805707e-02
-5.942427498791956475e-02,2.495338882512765019e-02,1.772828760871270667e-04,5.836750061050303279e-02,4.147388950130515700e-02,-8.093392011764956664e-03,-1.587423640397969335e-02,-2.775344966026751722e-02,3.636138881153139907e-02
-5.791783212103011891e-02,3.522637899115879656e-02,-1.740654883711529807e-02,4.118544960534715332e-02,-1.040687551654938432e-02,4.394044846633980705e-02,2.061886985764958824e-02,3.460029873779929543e-02,-1.255702120663177226e-02
-5.546308709564648498e-02,4.297983654822258581e-02,-2.323103270733372847e-02,-1.084257568852287036e-03,-6.553838857256621964e-02,1.367059779615993620e-02,2.791277306464906918e-02,-3.221629587306695797e-02,-3.289917590834098154e-02
-5.287918413663707934e-02,4.852061503975373113e-02,-3.369064350124244961e-02,-4.890095913780526798e-02,-2.538067846828248944e-02,-3.713105593117317638e-02,-3.049224466480914345e-02,2.123621365134563052e-02,3.790069434463591569e-02
-5.048529139106031766e-02,4.090529743818034636e-02,-4.751153791142624649e-02,-1.042015480075887505e-02,7.222247197814379849e-02,-6.809332511317071901e-02,-4.047052287627359024e-02,-2.696914092716117331e-02,-9.807185590440298164e-04
-4.801329471977097696e-02,3.424527922510999661e-02,-4.897375055822804357e-02,7.675739670002296698e-03,7.589356489725211652e-02,4.938164247330117940e-02,3.680495222809875705e-02,4.276568134067001287e-02,-4.158243378527307424e-03
-4.603119783287611816e-02,2.594637252888997922e-02,-5.064095995778770953e-02,2.253687222897471365e-02,-1.451017786396597425e-02,7.164980685689852080e-02,-4.710777612492347138e-02,-5.705287035561323883e-02,5.649576952660083536e-03
-4.377638503385673091e-02,2.508117925606807158e-02,-3.661974770086619257e-02,-2.441442379350475603e-02,-8.322963602264117633e-02,1.073907590242439590e-03,8.720787946616693695e-03,7.149008472820651827e-02,1.941011274086791930e-02
-4.220529111274412548e-02,2.355815780605583637e-02,-3.604459999041560725e-02,-5.241169423294602531e-02,-8.178352018918122121e-03,-7.853842980592508349e-02,4.910686260321916845e-03,-7.544564646640547489e-02,-3.823490249335977781e-02
-4.040805972978094712e-02,2.417930762457716834e-02,-2.690110497658379854e-02,-7.042049335151202849e-02,7.351092060288748342e-02,5.904360916997136201e-03,4.853112529949081717e-03,7.591549956659099374e-02,2.974674012475107820e-02
-3.798719947210105197e-02,2.244280886834693414e-02,-1.060365876434421310e-03,-2.397079891563597825e-02,4.006231931274910341e-02,5.618066896960047935e-02,-2.407634519416045407e-02,-8.005279284055760725e-02,4.190609963867142872e-03
-3.632549544519737827e-02,2.329141171408461233e-02,2.303124367569228236e-03,2.602530852136145795e-02,-1.069833344920629974e-02,1.079859586025328465e-02,-5.692150018981390058e-02,7.466083430850552205e-02,-9.992184437376748843e-03
-3.520971460285321486e-02,2.590919436420205391e-02,-1.438692265409564387e-02,3.867332063839851175e-02,-9.524601863308791369e-03,-3.853786943518593827e-02,3.081598302455351365e-02,-5.610532397330292298e-02,4.265489698883304093e-02
-3.414458747713433606e-02,2.874112834819721185e-02,-3.601232422306087366e-02,2.371132446062747257e-03,1.299347851457085048e-02,7.427779947669673442e-03,-3.568950271871988884e-03,4.504094002832083332e-02,-6.011639816187203805e-02
-3.203590586897377135e-02,2.728781179643239088e-02,-2.910324538753271753e-02,-2.143383305765508146e-02,-1.575764085447263485e-02,2.637613445555571368e-02,4.051729828641140174e-02,-3.219778236482658679e-02,3.639596623246009466e-02
-3.049981621772324125e-02,2.417445439582407984e-02,-3.178735632861912075e-02,-2.909528276873097827e-02,-4.848071149687191266e-03,-7.096045809448707324e-03,-8.168024059228500000e-02,6.266696573757817718e-03,-3.956109573634970442e-03
-2.838378369293442435e-02,2.134632046524521931e-02,-1.497831435460216139e-02,-2.254289483639207795e-02,8.556603867121826898e-03,-2.643479149523381144e-02,5.549268102761676508e-02,2.256535663671446063e-02,6.341456149771843888e-03
-2.708441517652600272e-02,2.215887292055583602e-02,-1.715651269904749920e-02,-2.636061925118104651e-02,3.310229064133498461e-02,2.106925954393861974e-02,-2.462150686270130062e-02,-4.008014142467411500e-02,-2.234742863573709742e-02
-2.578908550673704100e-02,1.729036377514876419e-02,-1.720651213594541831e-02,1.305214362597475510e-02,1.784104890583754904e-02,6.581228358646957349e-03,-4.372179476472910081e-02,3.849220012048559098e-02,4.177341628265528184e-02
-2.434782234871678275e-02,1.823876722823072893e-02,-1.165647555830739285e-02,6.153751254659857277e-03,-1.413140084437919386e-02,1.024029679052264503e-02,3.760379337950466722e-02,-2.203333678915929406e-02,-8.700445683199241331e-03
-2.311062687851179326e-02,2.104932075381004894e-02,-1.308721635341145335e-02,-1.885789070864074546e-02,-2.064029979080213989e-02,6.567340208078565299e-03,-1.645644439982985952e-03,1.331296852132236343e-02,-4.681938676212357014e-02
-2.167922982903682308e-02,2.229598351680995780e-02,-1.157071280074620928e-02,-2.962399309996033292e-02,-2.148308554415159864e-03,-1.309081768614775779e-02,-9.498837816601860343e-03,-1.193024225704832422e-02,6.983259368083574725e-02
-1.982793578855424066e-02,2.423147786276339324e-02,-1.668341347156995476e-03,-2.992556476202992352e-02,1.643308174850776487e-02,-3.515252287173349297e-03,-6.868647090424459013e-03,9.800694361375811639e-03,-4.356732829326794010e-02
-1.793480982549804439e-02,2.595120193287750801e-02,5.733302204133754187e-03,-1.046394898482700016e-02,1.493342702623509828e-02,8.973416686509461809e-03,2.160279049542239080e-02,-2.375219264812003083e-03,-4.723534698667077904e-03
-1.630082453018849228e-02,2.989770069747068118e-02,1.059027835508313288e-03,-6.339179837450214551e-03,4.381579061405491832e-03,2.155054561703528826e-02,-3.914889501728500976e-02,-8.226080665155378890e-03,4.460349158975168704e-02
-1.474106913098819499e-02,2.683220304026154301e-02,-8.339562288890116706e-03,3.210679386872534319e-02,3.820576643505774282e-03,-3.176409370345615463e-02,-2.165700026296868766e-02,9.541043739289725711e-03,-3.349103198657273073e-02
-1.333604860210512583e-02,2.762030567580823007e-02,-2.046069043846493463e-02,1.034742254459976654e-02,6.367074621009144626e-03,7.865197179771818078e-03,5.767663924264814640e-02,7.413571699525044537e-03,1.375687586174668270e-02
-1.168415326968646160e-02,2.705633677382981300e-02,-2.366892927834346461e-02,-2.312191263509817338e-02,-1.571130802950532548e-02,3.680353890780830445e-02,-2.424064169150006234e-02,-2.398801123022112694e-02,-1.296615914995311730e-02
-9.753357282272044973e-03,2.255663365328715309e-02,-1.429904662326838584e-02,-2.293404534022424474e-02,-2.362856360649638263e-02,-2.004930230415452944e-02,-1.182740576087789805e-02,2.813299029863268463e-02,1.213952700653083035e-02
-8.513227197092408313e-03,1.905917965635695391e-02,-1.647013991653556442e-02,-1.969077366898073014e-02,2.504342069286034228e-02,-3.277242836024344547e-02,-1.160066433099358205e-03,-2.723444192948407463e-02,5.143464935326846725e-03
-7.299879811700760862e-03,1.561306384455002014e-02,-1.362109698731349232e-02,-1.184255211152719471e-02,3.830773870367917139e-02,2.117515498531878301e-02,2.924228919084977465e-03,2.755249375681598917e-02,-1.445151650234551173e-02
-6.284752159808725501e-03,1.109305333333778822e-02,-9.813780816696896989e-03,8.851679496032249447e-03,1.198814301874795213e-03,2.928390559690417436e-02,-1.550012776773483821e-02,-2.911494018073513407e-02,1.967064341090724727e-02
-5.618190025224071432e-03,9.072660414695697673e-03,-1.035009106307861748e-02,6.830120639838450740e-03,-2.392175990005748765e-02,-2.340078547423835205e-03,-1.697946881365264629e-02,2.900770034882352646e-02,-1.154155820638515717e-03
-5.011584927100709054e-03,8.399640301485496174e-03,-9.764027381389570742e-03,-9.423548932708743914e-03,-1.186699770438764436e-02,-2.217005396231215911e-02,3.405249527102493373e-02,-1.913913742591244471e-02,-1.196182857346309025e-02
-4.576063554508694176e-03,8.270540494746920351e-03,-1.136018087206933265e-02,-2.762102152369994706e-02,1.586535077713197017e-02,5.606294584470565209e-03,-1.260155453177410484e-02,9.337675861145110223e-03,5.555933928735904900e-04
-4.012722233376639878e-03,3.725264217915111135e-03,-5.894637888738007113e-03,-2.648526193930111992e-03,1.775805207701719110e-02,-1.051284505771361491e-04,-2.018559964956174665e-02,-1.009098798967392185e-02,1.868561481560298415e-02
-3.626823289030331725e-03,2.555793581175937450e-03,-1.492230612063535911e-03,5.440048943362391087e-03,3.841249542250392730e-03,9.477489540825955600e-03,7.564410204673118442e-03,1.552291268076755500e-02,-1.178609843171258241e-02
-3.526778328131531439e-03,2.149050270243867220e-03,-3.387056227170834495e-03,6.653432000683144436e-03,-7.731288668269153778e-03,3.888765527098557266e-03,1.456646386054628612e-03,-1.635663003779684599e-02,-3.713308864165058756e-03
-3.521983428413152407e-03,2.028659959312454925e-03,-7.086439466429649177e-03,-1.304169792164971628e-03,-5.555913300876630032e-03,-4.037642668706564221e-03,-1.107378453190151907e-02,1.413774919657857440e-02,1.597156281189986496e-02
-3.252606976929149022e-03,1.692607844864240903e-03,-3.169637396511491498e-03,-7.311711935441816274e-03,-1.721390694618642062e-03,-5.836192138664933297e-03,1.651990521090377154e-02,-9.228970130347655815e-03,-1.457391732339689827e-02
-3.154015984404276440e-03,1.604067288950817736e-03,-2.830823288883182673e-03,-9.537761945152024856e-03,6.829208257103719197e-03,3.633848943891542903e-03,-5.991759805258280343e-03,4.763459405240815132e-03,-3.302921263819561578e-03
-3.075834423026886904e-03,2.693196191179206278e-04,-2.132576046109234229e-03,1.370905836414864189e-03,7.365072914516664938e-03,-1.235521355723235757e-04,-1.378564132758138168e-02,-5.597105213800838801e-03,2.312329442713857708e-02
-3.171658494030984467e-03,-1.555753861177877270e-03,-4.291878565768687814e-03,1.396007462242360511e-02,6.676136765719655267e-03,-5.508527634170696900e-03,-4.152922161063663138e-03,6.335901305160597866e-03,-1.847607204601408107e-02
-3.498598046171788514e-03,-3.176186934366381689e-03,-9.958002144672524480e-03,1.448198663024455671e-02,3.059582035692924237e-03,2.742442808419047300e-03,1.123004141949022344e-02,-2.813031785501235362e-03,6.419415456990430237e-03
-4.095844717310975769e-03,-6.522719079583778543e-03,-1.826777450901988231e-02,1.234863202535716083e-02,8.877034279861777425e-04,1.720391536020076349e-03,-2.204936288259994395e-02,-4.342845700444028859e-03,6.932922890745600759e-03
-4.568708645749971174e-03,-1.054187237256207395e-02,-1.698295902568734694e-02,6.425263590960176262e-03,-6.045674745434537027e-03,-4.721183110765165593e-03,1.426609502144885258e-02,1.150194762144641537e-02,-5.459174977741577603e-03
-5.485812855483187395e-03,-1.456581725932870088e-02,-1.981668770966372312e-02,-6.029177064450621853e-04,4.074719175514148438e-03,-4.430175325211997694e-03,-6.497736247798016965e-03,-1.624976270191605399e-02,-3.899977092214663640e-03
-6.793211569223302562e-03,-2.135256913923925040e-02,-2.380477806699687546e-02,1.084862479257121468e-02,1.796757288746603579e-02,-9.726139903054235522e-03,-2.523945441988736244e-02,1.223052758135925733e-02,1.737412919346094722e-02
-8.190329917194542203e-03,-2.688073948567536869e-02,-2.034680994074863913e-02,1.400188801500504635e-02,1.016125804971335089e-02,5.278579858004669306e-03,1.474028308986556797e-02,-4.614410671055861266e-03,-3.612543291273968230e-03
-9.900205704751403532e-03,-3.004885801301772005e-02,-1.719130884025519071e-02,5.087442309475134067e-03,-7.097725243764343821e-03,1.458196031076417799e-02,-3.105984111403465014e-03,8.819943756946537579e-04,-1.559441295143013974e-02
-1.193934616545076592e-02,-3.373017702557053188e-02,-1.657721250828065457e-02,6.824606613279296692e-03,-5.718279739088133300e-03,-1.353981437094494734e-02,-2.081967474291331055e-02,-3.729425429161296966e-03,2.805454323385490889e-02
-1.400359561001220284e-02,-3.538526376250972910e-02,-1.235244640398494576e-02,3.105549217571343303e-03,9.046012164658985208e-03,-1.395317866081654569e-02,7.399271417624831218e-03,7.816918343366747318e-03,-1.148220774176608554e-02
-1.580256581362721874e-02,-3.325410209226752067e-02,-8.865689100809947360e-04,-9.287588033334917559e-03,2.746919345146074491e-03,1.794176807952094221e-02,2.658724850874915821e-02,-3.774939571837652042e-03,-1.591440948134319189e-02
-1.866382971754880146e-02,-3.819626296736099158e-02,-1.570834436378144849e-02,3.660155870255255017e-02,2.553225215100474871e-02,-2.594369859751270713e-02,-8.774648300135085011e-02,-2.005163522071055915e-02,2.873318808135162314e-02
-2.147959070750912400e-02,-4.288436386392217164e-02,-2.450619940721608658e-02,5.935503944693365508e-02,2.740285227396892925e-02,-1.720546959757572950e-02,2.617582300363552675e-02,4.204866885661432546e-02,2.463618269840483002e-02
-2.371001517129422628e-02,-3.878182966517521729e-02,-1.606358874700550277e-02,5.973361874437506727e-03,-2.859891450376764177e-02,5.853524589048997306e-02,7.280979348415916874e-02,-3.391905764336574508e-02,-7.314209740149585359e-02
-2.606487413632112629e-02,-3.656805527609506556e-02,-1.257538561982607730e-02,-2.182969042897927106e-02,-5.123711839944097152e-02,3.081621635512247093e-03,-6.460903384757325785e-02,9.177722045044245380e-03,3.654798805825870689e-02
-2.759785068125748114e-02,-3.154449600797790132e-02,6.560105970916753348e-03,-3.570965668340661536e-02,-9.631763945728502238e-03,-5.843539691695973787e-02,1.191328490564731030e-02,6.145858871487634364e-03,4.520342794482538895e-02
-2.944250817488380106e-02,-2.766174546110584248e-02,9.157583106741777265e-03,-3.510691143095725185e-03,6.709268160044951079e-02,-3.172417164748068258e-02,3.914394592459151043e-03,-1.390509993391318005e-02,-9.966508086125723531e-02
-3.082064325454913697e-02,-2.007174547240693496e-02,1.294911496997563569e-02,1.611567059464370788e-02,4.032901746173276486e-02,6.736407810569088050e-02,1.436960831994817805e-02,2.167824464902943019e-02,9.390380208093297709e-02
-3.140379674401753973e-02,-1.044975838069176974e-02,2.176303041203378127e-02,2.633793167049444314e-02,-5.045793662510793948e-02,4.099401839787293611e-02,-4.861776177209765903e-02,-3.517897620388099611e-02,-3.086152197468438468e-02
-3.194714881985837029e-02,-1.278239323195007673e-03,1.430508150563642236e-02,2.971925682546844652e-02,-5.030736841152073230e-02,-6.748788021996805775e-02,3.213255862490102532e-02,5.088802591141292075e-02,-3.296922951801922741e-02
-3.395544591910190646e-02,-1.053478170035603055e-03,-4.005325268575413850e-02,4.482775695421938045e-02,7.360842630293877586e-02,-7.367639791006277972e-02,-4.950494801519605970e-02,-7.077189514183032659e-02,6.577237380721341620e-02
-3.443595827626926009e-02,-6.795493921820913545e-03,-5.053964611223471515e-02,4.161470221336604353e-02,5.905229400105641013e-02,5.488003962215026732e-02,3.420689160539469587e-02,8.500183614918102593e-02,-2.985568302899718057e-02
-3.529444979631718438e-02,-1.820764936230422765e-02,-5.558276532728199937e-02,5.003137874669956464e-02,-3.537342282918394532e-02,5.007146990760061311e-02,-6.108468913162944276e-03,-9.138408008936742266e-02,-2.948317607083132327e-02
-3.656788336568098097e-02,-2.176558683059659841e-02,-5.657238515963956826e-02,-1.908885003745270162e-02,-7.019778644126328793e-02,-4.628891639386076631e-03,-3.130630295955607462e-02,8.962410168621356976e-02,7.326655337845032478e-02
-3.680388572432251315e-02,-2.172689716681325267e-02,-2.374236178102812761e-02,-7.809467912747446172e-02,-3.081084731629676193e-02,-5.211165891747102097e-02,7.043276450795131483e-02,-7.232617790983600359e-02,-6.687491629117180147e-02
-3.798569697527504063e-02,-2.168598207726025670e-02,-1.306340435509028598e-02,-6.960661767972234348e-02,7.339153326997861770e-02,-1.958356532442216344e-02,-5.414053798549182256e-02,4.601477393198882132e-02,-1.283120270705571594e-02
-3.860008198520558514e-02,-2.182243239485648356e-02,9.632461441166752583e-03,-1.287046609110116318e-03,7.296599892569295698e-02,3.228514636301263452e-02,-2.644260707314219014e-02,-3.597702350313369130e-02,1.186177171091312571e-01
-3.999150376134326390e-02,-2.170063541411476962e-02,6.352645740804905780e-03,8.193830592601733520e-02,1.957157111103464964e-02,1.351751478729263344e-02,-5.885511543182916222e-02,2.400784210103157346e-02,-1.148468059208949538e-01
-4.261495190886162993e-02,-2.270592745332736251e-02,-3.273288726321153114e-02,1.146206192874058977e-01,-7.491656243456506874e-03,-2.659917988067810046e-02,3.353684206268337659e-02,-1.920376348547986377e-03,7.850360358652937187e-02
-4.520061884593615936e-02,-2.175476129924498042e-02,-6.929469874798313556e-02,4.152318668063069429e-02,-1.898701902517174050e-02,1.848879630294191986e-02,-1.458977326459000821e-02,-1.181667384236157262e-02,-4.347853168452989886e-03
-4.625673291489624389e-02,-2.758490370394541327e-02,-5.733925261511550742e-02,-1.434668919455824899e-02,-5.119869517617703369e-02,-3.204212513296215113e-03,6.090909690676205024e-02,2.619038953771326769e-02,-7.559193332745446636e-02
-4.775553915453467635e-02,-2.852852345185946659e-02,-4.628282193056944271e-02,-7.588111652101134363e-02,-9.680347970764772991e-03,-7.630767913615202694e-03,-2.293681300635631859e-02,-4.004195475303724133e-02,7.574072057717547157e-02
-4.825132207298037795e-02,-2.803806604062326902e-02,-6.958271110908475360e-03,-7.481581056880941272e-02,2.705838885303429517e-02,-1.232179998993673635e-02,-3.255054119153051595e-02,3.631779329858610822e-02,-1.961641937035974934e-02
-4.940922447735483086e-02,-2.786289183161518718e-02,1.146764765729525563e-02,5.145735546084091380e-03,6.362296474675727120e-02,-2.491432683240966950e-02,-6.817712818575961432e-03,-3.167454976989614313e-02,-2.163575719283836879e-02
-5.120339000086074344e-02,-2.002903982825025506e-02,2.526893117889501220e-03,4.313869924080063201e-02,4.897072902558414348e-02,4.279899057210076463e-02,-3.384441408322127337e-02,2.817830723367203971e-02,6.865488406102590591e-02
-5.254901773707925522e-02,-1.613705857735233534e-02,-7.806435630769028612e-03,8.104660203312481770e-02,-2.189924329472823020e-02,1.086505634369003964e-02,-1.366730335524472643e-02,-2.620359715157852612e-02,-4.637741119342169566e-02
-5.405354834378107987e-02,-9.385372171838749292e-03,-3.159598208611100884e-02,4.486299890483797653e-02,-4.232672086335501765e-02,-1.668703312664466740e-02,3.603212799674258143e-02,3.659316305857071572e-02,2.780908108581082398e-03
-5.501480758340814708e-02,-5.131739208787773274e-03,-4.701403617907166932e-02,-1.562292641499789247e-02,-1.440487131167271680e-02,-1.392412654733516351e-02,-3.106225239196575851e-04,-4.510949029919612135e-02,1.998261926398505958e-02
-5.479582884255340680e-02,-4.410912682663676795e-03,-3.275937317302180657e-02,-4.445120439339861340e-02,5.493425020341654273e-03,-2.404523902854800461e-03,3.727772763522331587e-03,4.454858079088355044e-02,-3.557966607361412459e-02
-5.507171027770677019e-02,-8.106943835376604832e-03,-2.885914500797164689e-02,-1.021015823915857532e-02,4.014623226551345542e-02,-1.863597374064779669e-02,-3.535336550930494315e-02,-5.149985591974778204e-02,3.417182019346793470e-02
-5.603913846043583752e-02,-1.314621125117690706e-02,-3.866025248927414115e-02,3.600163055845576748e-02,5.757379755834330509e-02,-3.211486869192248499e-03,-5.690158026244708511e-02,4.567644068003161306e-02,2.134753373840395790e-02
-5.678922309643007899e-02,-1.628731495540886379e-02,-3.827160403597693744e-02,5.073437068164430436e-02,5.283570457133484298e-03,2.666889876219593128e-02,5.117253126344179642e-02,-2.395518676602883396e-02,-2.453207438129445875e-02
-5.778551721625340559e-02,-1.279394234377244886e-02,-4.252754704493481863e-02,-2.272554131997581682e-03,-4.636613446831222562e-02,3.986211553625627207e-02,-1.111402158616458039e-02,1.261397435066948305e-02,-6.470943936792427319e-03
-5.839863815023837307e-02,-1.303698420819770186e-02,-3.716131269018885241e-02,-2.538387758674851349e-02,-3.447251064392624353e-02,-4.453667791711737184e-02,-2.640753921192155046e-02,-1.487765887544814300e-02,3.423952979783934786e-02
-5.885862499384124369e-02,-1.119992419076269209e-02,-2.838160587045823399e-02,-3.865320977650583273e-02,3.743101870934115172e-02,-4.131524116966266841e-02,1.462359277975911094e-02,1.997908730908454916e-02,-2.750772754440116222e-02
-5.927778105354994387e-02,-1.058508761664962890e-02,-2.062053762232370427e-02,-1.221265584590567298e-02,6.397851540864624154e-02,2.407107905508670473e-02,-6.636968902583130665e-03,-2.398334588812105206e-02,4.492789372774084675e-03
-6.021052647461295343e-02,-1.346592937019963285e-02,-2.710000041264697471e-02,4.635136440651427964e-02,3.176554427304148498e-02,2.500928882351784871e-02,-8.187957738499734850e-02,9.954202422259039035e-03,4.114119683146516548e-02
-6.109114652573516269e-02,-1.394192436955719178e-02,-3.282268964184011789e-02,6.278001063519569880e-02,-1.956546609368066056e-02,-7.253888451440191655e-03,2.770587365751163086e-02,1.162047730616017939e-02,-1.095428607813019040e-02
-6.209925565505534928e-02,-8.543276657684185579e-03,-4.427637563252587866e-02,3.389823495257277171e-03,-3.186589434625242828e-02,7.290793034866720028e-03,3.699957864131613039e-02,-1.095750065642732418e-02,-3.654988208258364013e-02
-6.149928489288298411e-02,1.876063849120061019e-03,-2.162947634033439079e-02,-8.301260920849540259e-02,-4.629560454766463301e-02,2.938818117443989589e-02,2.604816588863337334e-02,1.198168489857392299e-02,3.105179921290549330e-02
-6.082652813294735922e-02,4.453437412923388385e-03,-6.138263125154804628e-03,-5.548175080541388471e-02,1.576228862567692623e-02,-5.895185555991602072e-02,-8.489402275638383011e-02,-3.664888142644831537e-02,-1.965095772053674500e-02
-6.003234717159698641e-02,9.728813695331725575e-03,2.376222170884292710e-03,-6.858125641352861082e-03,8.145716005993651476e-02,-2.800385835369213761e-02,2.519828506150630781e-02,5.940695240883931555e-02,4.258459037797533708e-02
-5.918675585773597314e-02,1.724071960752304039e-02,-1.177451816728142297e-03,3.126383064412510682e-02,5.016517588705428354e-02,6.517595754444134581e-02,-9.139728631523458269e-03,-6.773812293841996457e-02,-3.446077970349154668e-02
-5.779405385150442748e-02,2.535617821473926808e-02,-5.153810671805061222e-03,4.015455460058801190e-02,-5.017730914759834654e-02,4.749930284557191823e-02,-2.082303100808667248e-02,6.916343975344817208e-02,1.536813738514422253e-02
-5.687991215184776822e-02,2.910774738676159823e-02,-3.243610996921719725e-02,3.499316948829581109e-02,-4.314657884142453909e-02,-6.792939858606523995e-02,-2.214118023981716601e-02,-7.045642290728564017e-02,2.578292731651533540e-02
-5.594266000738180172e-02,2.856073025121491638e-02,-6.099394674124853505e-02,2.268516593064773441e-03,3.962081633578120460e-02,-4.839125973703414102e-02,1.946441109135875133e-02,7.387411577126783147e-02,-4.037173871022098348e-02
-5.463592894947151557e-02,1.975391045946707502e-02,-6.987846422071421204e-02,-3.382445394768118351e-03,5.312228108570651169e-02,3.603577309383865224e-02,1.860246473049152055e-02,-7.291779819402255391e-02,2.545008079046012783e-02
-5.275774667399987100e-02,1.506131634204705555e-02,-5.034885635477869686e-02,-3.532721450557450155e-02,-2.638380806018151767e-02,7.768192501026804919e-02,-4.079275532238010871e-02,6.352030376580018733e-02,4.078639309714797434e-03
-5.092685960517774613e-02,1.135926812288638212e-02,-2.420558670462560555e-02,-3.451185800570330531e-02,-5.634231094108710369e-02,-3.883567249005593497e-02,5.149024106376274418e-03,-5.244520526141454447e-02,-9.920186054615412127e-03
-5.013807231417403976e-02,1.500127724074131266e-02,-2.462997516398876194e-02,-5.524118508810253042e-02,3.482220463437157854e-02,-4.836670577190572973e-02,-1.930031913390810663e-02,4.583926992340098955e-02,1.083498209863208855e-02
-4.942593556352965767e-02,9.687346002517827417e-03,-2.710300329005701364e-02,6.305145325574357251e-03,9.309131785174483420e-02,-1.081887509734445925e-02,-2.717529345397933643e-02,-4.889701096506439415e-02,1.360298668394131945e-02
-4.803604550293084918e-02,1.306476795760048819e-02,-1.226155122418897542e-02,1.040593459071193112e-02,1.341686357865029891e-02,9.202570770946603973e-02,2.721425082868856454e-02,6.230360143914940446e-02,-4.592027003596670966e-03
-4.690379095826927719e-02,1.630871916848150582e-02,-9.746450922171325665e-03,1.691947770847076690e-02,-6.861391846097042446e-02,1.393777033282606395e-02,-3.462372896739614875e-02,-7.281860050589832045e-02,-1.316231114572595506e-02
-4.614093183337807796e-02,2.159171560285131838e-02,-2.407966818832523587e-02,-1.054508152947461475e-02,-2.508874173848120101e-02,-6.840341319741637116e-02,-1.601799881129576525e-02,7.629628686651379610e-02,3.659033308510237226e-02
-4.457254609447321159e-02,2.533931349193514065e-02,-2.361784325694669257e-02,-3.444644477458078113e-02,4.299346969082823433e-02,-2.338410085465579893e-02,6.228668703480821217e-02,-6.372466122509989894e-02,-3.322065489758122686e-02
-4.256079515777930894e-02,2.836750010443814946e-02,-1.525265592823333433e-02,-3.892451629027009891e-02,3.480432120430486387e-02,6.608455745650744506e-02,-2.965780293205647761e-02,4.639068685493611538e-02,-1.677471671672297465e-02
-4.031914423569647049e-02,2.762008471689603867e-02,-4.217868421061435336e-03,4.431028724208336579e-03,-1.608068443305492312e-02,8.996099351638161754e-03,-4.652400575821320772e-02,-4.518224666619639895e-02,7.626411878658646837e-02
-3.866323058754977254e-02,3.023510933360933420e-02,-1.280252144620510658e-02,1.669511266707624994e-02,-2.716115492379995566e-03,-4.106628546871479019e-02,-1.066023450138520352e-02,4.845853546393023847e-02,-5.710599215808215279e-02
-3.684915334430373390e-02,3.381154781020242334e-02,-2.217394766853321431e-02,-2.580599859689162133e-03,1.722756107961517444e-02,1.628348617779311596e-03,7.165210467723330534e-02,-3.076988308617123816e-02,7.163970364840626867e-03
-3.522062468411261971e-02,3.283594885388996243e-02,-3.665156941010037916e-02,-1.284516703348580029e-02,1.554889206328469511e-02,3.535095700609511976e-02,-8.251404043508010766e-02,-4.599407685990739166e-04,1.884281807690699195e-02
-3.286164334332447590e-02,2.645023350413862676e-02,-2.689166300983799468e-02,8.175315094130362198e-03,-1.521120667611872840e-02,-1.734777689873876969e-02,1.620708895962818391e-02,2.175924777552073683e-02,7.316726140531530816e-03
-3.138235429640066215e-02,2.554824693796329052e-02,-3.355591077028634295e-02,-1.631442606948806454e-02,4.737833138505094001e-03,-5.622072599770564470e-03,1.393757808873631772e-02,-2.378201304036278718e-02,-2.945064081459770888e-02
-2.933557750771000408e-02,2.596392449200946376e-02,-2.265735484444608358e-02,-4.619765410959345703e-02,-1.175573132095405864e-03,2.848398458681983617e-02,5.159581531618224158e-03,2.443048841031646851e-02,2.421345914611395742e-02
-2.694658320442097285e-02,2.679870866452224720e-02,-2.757705750497719144e-03,-4.563992877301235179e-02,-1.112481479538423267e-02,4.192880609552061127e-03,-2.052992482353153611e-02,-2.885704468138369436e-02,-5.798254543919060047e-03
-2.479999524503359240e-02,2.968082900604100682e-02,6.782862282183025823e-03,-2.733011521675455385e-02,1.287276344153436176e-02,-2.171521566102947373e-02,-8.737205157470414804e-03,3.147428982645724543e-02,-4.003237624014228946e-03
-2.253039932360192954e-02,3.585082205786886689e-02,1.084370086485895654e-02,-1.730931453144509205e-02,2.586602106241022575e-02,1.061120855395888962e-02,1.659365517222695374e-02,-2.547461283459392933e-02,1.833605038084448399e-02
-2.021154605727655193e-02,3.983735951686762089e-02,6.623108186086134296e-03,6.067987392148655075e-03,9.778997547987040503e-03,1.979876079523622961e-02,-3.391108437446154616e-02,1.473558354329349528e-02,-2.379064815504049885e-02
