5.114433091046348689e-01,3.154711238026179365e-01,-7.725748212978047480e-01,-1.826391224726811938e-02,1.913995808250688047e-01,5.306650251804359564e-02,-2.452735724755698322e-03,3.412067391792886900e-02,3.283591165545136220e-02
2.698837776034881952e-01,5.655884213104601654e-01,-7.399455171336689618e-01,9.444842314632033442e-02,-7.241556742631859167e-02,1.067359437268043110e-01,1.316724871589983470e-01,-9.461999006293600467e-02,-8.891259090758306394e-02
1.990273936895952389e-01,8.132117412968669079e-01,-3.781727452445270421e-01,-2.827554851136577230e-01,1.936279829087695636e-01,1.822223268047964886e-03,-8.038377423091483398e-02,1.153872467609712155e-01,1.372537308518828048e-01
-5.112759315201061971e-01,2.636756139207733773e-01,-7.927074966065152939e-01,-9.561975460199311286e-03,-1.859326883172321421e-01,4.715502664791046752e-03,5.463796486991072399e-02,-2.993712565648384144e-02,4.605156536892998642e-02
-6.573930260421532168e-01,5.036555347737406985e-01,-4.095486413264918246e-01,-2.872685219883830410e-01,1.498139434344938903e-01,1.677483241459536700e-01,-4.710596052513556925e-02,-1.053688810371053441e-01,-2.632063064545294914e-03
-5.500285741617226831e-01,4.666559244462414324e-01,-6.504071025202485812e-01,9.542651058162934796e-02,3.100677678568317802e-02,1.343477543341823621e-01,2.684738799300574394e-02,1.491666064812874892e-01,-7.471947418049786072e-02
-5.259763163916969519e-01,7.844936718391797292e-01,-1.880617560659844645e-01,-4.857951514980039798e-02,9.301032565357549020e-02,1.284787486938907264e-01,1.775761597401981362e-01,-5.301001360134795920e-02,1.033940832846229063e-01
-7.105121532911143900e-01,4.093219097313295363e-01,-5.408685982025589478e-01,-8.614792671331972240e-02,-1.804976157835755726e-02,-1.219646399825974198e-01,5.549150463534845146e-02,7.036291008998704632e-02,6.660581760454303835e-02
-8.565364788783250694e-01,1.271757321336809410e-01,-4.824698574568765941e-01,-9.958781540778682828e-02,-6.889196866604194169e-02,-1.418145178782180028e-02,-5.848112989871363625e-03,-4.664831899594534814e-02,1.786656549663232646e-02
-8.906832543658607104e-01,1.918191934329978032e-01,-3.910880903875937342e-01,-9.238254147693536478e-02,1.115375180255482983e-02,7.785934093905896858e-02,-4.014187526589842181e-02,-1.434761731783392065e-02,2.001503402200038861e-02
-8.806684714983391560e-01,2.905191796107722824e-01,-3.530047276559359903e-01,-3.991160250096290052e-02,1.354356997672865291e-02,1.110537676988989780e-01,2.864428659428104249e-02,1.526070969037148818e-02,-1.570426065887513614e-02
-8.806741279737478889e-01,2.839924744619516384e-01,-3.666990488823760885e-01,-6.583950709863994888e-02,1.466189375205021080e-02,3.754167738643986174e-02,4.641728853705159863e-02,2.534538831702506587e-02,2.317368263717905358e-02
-8.754800238859318240e-01,2.813156409077515741e-01,-3.852354249149361198e-01,-5.353313232533531141e-02,1.651779350905535973e-02,2.780849530517503360e-02,2.660512189814571299e-02,-1.351630013108816482e-02,3.445919757338907624e-02
-8.810964733292030449e-01,2.877127227974637935e-01,-3.688117405703639773e-01,-6.044314717917591284e-02,5.708312342678749200e-03,3.101266376830376717e-02,1.157991181453419532e-02,-9.180262394901715292e-03,1.475833583644715853e-03
-8.778597086883327405e-01,2.983364189637233155e-01,-3.673330613966991898e-01,-5.684131324649845107e-02,6.804505205082028371e-03,4.494231330109459133e-02,4.483011351353867295e-03,-1.790805208938432876e-03,1.018738950208524473e-02
-8.743800438834806732e-01,3.062409233681867571e-01,-3.678160841572021278e-01,-5.827523851913415237e-02,5.855208537930727724e-04,4.900395889360095042e-02,1.462279279195819945e-02,2.507994050558564648e-03,1.922273650166829440e-02
-8.694946811429125066e-01,3.080999290578866900e-01,-3.768152583246747178e-01,-6.592508059665568021e-02,5.391077511898666880e-03,4.493868240853456791e-02,2.139142565991166214e-02,-1.951550583088339577e-03,1.440928471323164525e-02
-8.684184646711238242e-01,2.996192078688766358e-01,-3.872318546362257252e-01,-6.280558997449216252e-02,7.802825681033706204e-03,4.061171920800058649e-02,1.601252041945154178e-02,-1.016758520210879349e-03,1.473155400865635081e-02
-8.598883871520396349e-01,3.499768390922580186e-01,-3.621055840786355229e-01,-5.107393731523694053e-02,2.472406580499221171e-02,5.746389413959211018e-02,1.680758960112907832e-02,-6.350154256837010208e-03,1.195719696851729914e-02
-8.359236534000336061e-01,4.218223492063719049e-01,-3.420449324324280060e-01,-3.879989736572302811e-02,3.173742842447893620e-02,5.387269588492702571e-02,2.889623996819361620e-02,6.770721777794265137e-03,2.648863050974874494e-03
-8.059723345427278751e-01,4.751006089386627940e-01,-3.464016027622384697e-01,-3.530148736840305057e-02,2.915320059352103851e-02,3.494226905294994107e-02,3.441896995064997605e-02,3.625345621417132898e-03,1.338140636982180880e-02
-7.606288758918564596e-01,5.446765350419799923e-01,-3.475626267179883211e-01,-3.536389126714029746e-02,3.077959590476297275e-02,2.713101870944610583e-02,2.615834489690080020e-02,-7.078532846608669681e-03,1.740576634949276072e-02
-7.004693347226187417e-01,6.128097963282084226e-01,-3.619966925726700313e-01,-3.791925305734425433e-02,1.854179199504762260e-02,2.398411975747980276e-02,1.855258630549069462e-02,-7.955902017373731733e-03,9.265878217096784738e-04
-6.080986929170260069e-01,6.956870777679750040e-01,-3.777623910396042395e-01,-4.371285219249223392e-02,1.714271294238066054e-02,3.399949474078510503e-02,6.248755750559407962e-03,-5.059173798476597483e-03,1.028355633483511201e-02
-5.245381139273647131e-01,7.306267313467552649e-01,-4.309128243801612079e-01,-5.752634316020469041e-02,-1.178587635842994266e-02,3.590504477659131610e-02,1.337139037800490898e-02,1.925315460127379049e-03,2.094335369988668122e-02
-4.238641549604781344e-01,7.576170420896543023e-01,-4.844968705800986597e-01,-9.144612426867057553e-02,-1.812890327634566773e-03,4.873765988900836260e-02,1.668162133240681799e-02,-1.441011094783516307e-02,1.978409913766594752e-02
-3.195655378054473861e-01,7.624278035344776994e-01,-5.526959214296430778e-01,-8.559225010521738508e-02,8.450257348205503574e-03,5.883758668714814122e-02,9.795307621148486438e-03,6.939431226822060077e-04,1.237733964960713307e-02
-2.804615129578793553e-01,7.557830905297820978e-01,-5.802358951064823245e-01,-8.656034086213555689e-02,-2.399790374116351349e-03,7.116163162829690358e-02,2.158297672213788793e-02,-3.997981913649301458e-03,2.037958991312660562e-02
-2.303590205311260852e-01,7.604214907565587378e-01,-5.922721910671654433e-01,-1.031611907670341582e-01,1.407571724054301927e-02,7.382994746945274744e-02,2.579130859854483759e-02,1.967546153658594234e-03,3.077740514191814464e-02
-2.088190121299756952e-01,7.353616426073231738e-01,-6.329096992315436099e-01,-9.324865737661774956e-02,9.372728765632731135e-03,6.768960466180519442e-02,3.797912515091645541e-02,-5.543934607086165554e-03,1.499984963502599966e-02
-2.289278338805355306e-01,7.311724536872806768e-01,-6.297870690028302132e-01,-1.002018833742580328e-01,2.773580384388861508e-02,6.712072865344941019e-02,2.153659868737933109e-02,-5.355440157730448000e-03,2.323246169958163507e-02
-2.422221891502241986e-01,7.312083990265263456e-01,-6.272636800107864730e-01,-7.834891686900238850e-02,1.109810332477388292e-02,7.611764002067157586e-02,2.475551676401954379e-02,-2.411775484316446873e-03,2.299338927067927363e-02
-2.823604696332913111e-01,7.289928828689030693e-01,-6.091784735630014769e-01,-1.054166854043517149e-01,1.056678250979241687e-02,7.121953795236131424e-02,3.386824788610220266e-02,-3.344737022122491309e-03,1.699196108121380985e-02
-2.825640315597469088e-01,7.158231605922590335e-01,-6.263965995504930939e-01,-9.036144206144251789e-02,2.743509561877030198e-02,7.134131897912285303e-02,2.496316617628928716e-02,-8.399032108195008794e-04,2.739976861812139231e-02
-3.238023402615212154e-01,7.115405463179323986e-01,-6.125423105706436777e-01,-8.386834827173503260e-02,1.120104649126832212e-02,7.056096391527165446e-02,3.414221158684921376e-02,-5.641718240755355315e-03,1.784042145766322890e-02
-3.344876781906216401e-01,7.232294148708213744e-01,-5.911632159506560180e-01,-9.501741072493656570e-02,2.873844784768756627e-02,6.813143893831453968e-02,2.714099444164621427e-02,-3.398804657472838386e-03,1.841123465123213968e-02
-3.620701338844551365e-01,7.037364873638981555e-01,-6.022261360161529353e-01,-7.509204849365982981e-02,1.245665110302360268e-02,6.269711661650433088e-02,2.747068192926944638e-02,1.012285812100114724e-03,2.243390685423149802e-02
-3.841651568834872910e-01,7.144399431089495378e-01,-5.720555169033313403e-01,-9.228930059423971766e-02,1.702056265974198623e-02,6.731803967565209990e-02,2.844269926722765504e-02,-1.107417604005871657e-02,2.179054767224019792e-02
-3.580410407595586708e-01,7.243081766157254409e-01,-5.786854052152815564e-01,-8.121541243334917670e-02,2.423757302328394952e-02,6.574905816369584766e-02,2.445007510310649376e-02,2.110174059888879263e-03,1.410246045691669961e-02
-3.553904093004465192e-01,7.299635083573494665e-01,-5.739036265521592073e-01,-7.663129229049231439e-02,1.376674425775558687e-02,6.412816198093589104e-02,3.072564370082497484e-02,-4.298136439686173031e-03,1.867410913173781634e-02
-3.694585709296989706e-01,7.213287279977955713e-01,-5.746823243608367715e-01,-9.043376287754480158e-02,1.357624722509199675e-02,5.607851363455430838e-02,2.436138573767549984e-02,-5.403580231773151077e-04,2.871076189637196061e-02
-3.624369578016266580e-01,7.162053792355709270e-01,-5.856083954650238566e-01,-8.561532948960232092e-02,1.136190182487397532e-02,6.491807740541616356e-02,2.567391951947524051e-02,-1.317938040497014691e-02,1.567906541718174993e-02
-3.854110251892058359e-01,7.054773044573257046e-01,-5.833498542357155037e-01,-9.206724813700759014e-02,1.596460229916760870e-02,6.483189715148397758e-02,1.796849112442752000e-02,1.992106364512536473e-03,1.420582155286436582e-02
-3.781860604293044714e-01,7.126948144043124822e-01,-5.791292256824929208e-01,-7.749404455672008474e-02,1.537935465158482735e-02,7.770533736380649814e-02,2.587243973617538509e-02,-3.791924813499389715e-03,2.621092140285989289e-02
-3.825296766583363706e-01,7.165904077031245434e-01,-5.705659278561403536e-01,-9.173676716367422379e-02,1.535125842326225641e-02,6.494532809939292106e-02,3.740552349056207315e-02,2.942724967643247508e-03,1.862074081781478138e-02
-3.600558776577100772e-01,7.190831859690418604e-01,-5.837118035884625300e-01,-8.171030294104446312e-02,2.946061211829532900e-02,5.994326845164472950e-02,3.163298322564776083e-02,-8.646707679083464812e-03,1.861609747082473149e-02
-3.937913640508864388e-01,7.072664984442372793e-01,-5.788376248662301382e-01,-7.610388221147949828e-02,1.320897696189307115e-02,5.289649265161877612e-02,2.102141383826951204e-02,-7.638026985454447445e-04,2.103962184517962561e-02
-4.019889905570033228e-01,7.154711047763971932e-01,-5.600887707453691133e-01,-8.564163040448063979e-02,9.926956343215723871e-03,6.627868817271143076e-02,2.133141700381541508e-02,-1.298135443014286454e-02,1.889645059897759188e-02
-3.935042679548934053e-01,7.132633368795906481e-01,-5.685396391266410721e-01,-8.867224050286333370e-02,1.428438195122115791e-02,6.637168455591496707e-02,2.041815618393181403e-02,5.056991266374458345e-03,1.606230150034890572e-02
-3.805123861814281860e-01,7.147442083341168928e-01,-5.752968499713089212e-01,-8.084577762729000527e-02,1.428477343305513229e-02,7.185924267680453281e-02,3.126111842598391227e-02,-5.615351231036329153e-03,2.172418153743341934e-02
-3.800281478569805804e-01,7.171351712496563113e-01,-5.724675700250926313e-01,-8.918322229361180797e-02,2.095084392500154782e-02,6.109444968386767982e-02,3.027990636638300953e-02,2.372513602745093559e-03,2.300034630862175800e-02
-3.658805777216515009e-01,7.198789583759604982e-01,-5.800183525569309051e-01,-7.758678572830809972e-02,1.941323897204343812e-02,6.135292844549873614e-02,3.088701991396764629e-02,-1.061845601161313067e-02,1.602729632986826108e-02
-3.999030007526542807e-01,7.067015994400415169e-01,-5.738499865498688512e-01,-8.634102146866738658e-02,1.392460355793852765e-02,5.428215700620777490e-02,1.907569114995266712e-02,5.589989749712077211e-04,1.967787234884649239e-02
-4.305026483523388126e-01,6.860051565854192734e-01,-5.758527752061056715e-01,-8.366549567894907002e-02,4.563661165168860466e-03,6.608689313083752903e-02,2.045878225130751821e-02,-9.649417653895668925e-03,2.362379183949716785e-02
-4.262840757011005510e-01,6.995509898535369198e-01,-5.599355249025240733e-01,-9.284959192859035260e-02,1.954951896817693976e-02,7.480633150766716200e-02,2.322938221260067299e-02,-1.438607098647361280e-03,1.554399934182371101e-02
-4.152946924004197737e-01,6.980720980214344396e-01,-5.725144180720771470e-01,-7.649676453794455877e-02,2.000509182889064971e-02,6.951607307214902054e-02,3.376692935160513498e-02,3.443059092250224437e-03,1.471061707090856943e-02
-4.421304861950278164e-01,6.901691520437779337e-01,-5.620961248000028165e-01,-8.177370778861593748e-02,1.999063779132667293e-02,5.696586327496212104e-02,3.255666257673388297e-02,-1.505854805409458357e-03,2.900418743297102434e-02
-4.466457489742962084e-01,6.918955128463053494e-01,-5.575470600345447947e-01,-7.879744903012921020e-02,1.911529006212367432e-02,5.586768359382277699e-02,2.787566606160964133e-02,-1.055301077313150308e-02,1.858496490347107816e-02
-4.816954381768431825e-01,6.710824071297313287e-01,-5.544597814927940682e-01,-8.217289465981737762e-02,1.209152270146574004e-02,5.331832051517683413e-02,1.856978228533633785e-02,-3.823927989364539915e-03,9.558572465696749815e-03
-5.150788071156233716e-01,6.524294035837709949e-01,-5.454605116401943787e-01,-7.886598441565015327e-02,9.795696874186361758e-03,6.567941508344152246e-02,1.407353602726490321e-02,-3.396107834487712644e-03,2.575545253632456968e-02
-5.173875981693479842e-01,6.614190106941409963e-01,-5.303789688083476728e-01,-8.277519173559098886e-02,1.201965055112658165e-02,7.329917434261547238e-02,2.884174280158344206e-02,-1.708211437172741211e-03,1.814876191479323359e-02
-4.842244885684535705e-01,6.847353898563773855e-01,-5.326027925595838708e-01,-7.879803756979063267e-02,3.185852878032284508e-02,6.597735703782241223e-02,3.623720584378502252e-02,8.231620275163724311e-04,1.036508566805608572e-02
-4.635349200902681988e-01,7.008181581627999091e-01,-5.341597813233320835e-01,-6.018961385479063703e-02,2.912256174361682604e-02,5.130690522821510641e-02,3.202451612774302042e-02,1.918310707266912248e-03,2.302289666912273047e-02
-4.528398278362114060e-01,7.202238360602691847e-01,-5.175960695712198412e-01,-6.919951799892697097e-02,1.338241867986168093e-02,4.399370114882632937e-02,2.902708717116113737e-02,-1.096407342459638362e-02,2.102698748856836677e-02
-4.134988004847406917e-01,7.362472792064201910e-01,-5.270279600873523096e-01,-8.031381767029963092e-02,1.453202439315947822e-02,4.633720650444408257e-02,1.386585318279322764e-02,-8.705304806014601063e-03,1.111508796001297629e-02
-3.696884534934264388e-01,7.452769187826751018e-01,-5.460344083292951733e-01,-7.413711395412529714e-02,4.073392245669202327e-03,6.195215123136135066e-02,9.976214175859797820e-03,-3.577659587144459748e-03,1.660990290416241438e-02
-3.394264987431535596e-01,7.484645285540559856e-01,-5.567727346019092360e-01,-9.282215546558514330e-02,-1.503183675669866578e-03,6.965472013740169055e-02,2.209714416539020065e-02,8.512890057167885613e-04,2.521156151716393706e-02
-3.053072180132154201e-01,7.318010298945802905e-01,-5.957005059442147532e-01,-1.004997929338057455e-01,1.030802378529627542e-02,6.853197209075563567e-02,3.144165920295892425e-02,-3.095216638765535284e-03,2.223531560038791155e-02
-2.929853541930998451e-01,7.227642876113480330e-01,-6.140334891358143476e-01,-9.127707565490843222e-02,2.340451026616943708e-02,6.875503945185008903e-02,2.761449658332936277e-02,-4.774271246044080146e-03,1.850285986770264582e-02
-2.634626519619885920e-01,7.505979421282297226e-01,-5.948378248230428156e-01,-7.790109156124043477e-02,2.618144173308124475e-02,7.422328011183446095e-02,2.771250452501560282e-02,-3.035128602929517295e-03,1.782650478678371800e-02
-2.639326293074454322e-01,7.529550723660062284e-01,-5.924346538590236078e-01,-8.470247695986619918e-02,1.099074205371129535e-02,5.953432820961233191e-02,3.383336196942661467e-02,3.229007934971560995e-03,2.060684275438204316e-02
-2.489971596712481361e-01,7.499447395804017535e-01,-6.012612729933125566e-01,-9.288809222561814072e-02,1.665573462271646363e-02,5.916582972687863679e-02,2.606716946328172316e-02,-1.174630295145677808e-02,2.906035293201795697e-02
-2.034517586817574109e-01,7.627564795490670013e-01,-6.031934517347409264e-01,-8.721341996686599041e-02,1.587937683940456729e-02,6.720236961673339837e-02,1.963873051959357310e-02,-6.605344725753053113e-03,1.279806825057054447e-02
-1.711679191679707224e-01,7.683084080363156154e-01,-6.053196951418773342e-01,-8.983699414398867156e-02,9.628747929240040818e-03,7.169727538894771213e-02,2.272042666421159388e-02,-6.688493232245141086e-04,1.308577520907978561e-02
-1.282118845724465606e-01,7.686831920588982348e-01,-6.134504679081425049e-01,-9.376803918173390318e-02,1.168593386829858659e-02,7.364604077846464980e-02,2.513871805717470334e-02,2.787398071503829292e-03,3.706637351473442837e-02
-1.158488000721305256e-01,7.471760398697616656e-01,-6.409696339485302374e-01,-1.044164776248497351e-01,1.707528957084584803e-03,6.707131330522603241e-02,3.951611128350999980e-02,-8.549464830529226664e-03,2.064110944711648049e-02
-1.085078837380242522e-01,7.345659748937909406e-01,-6.558363449677889756e-01,-1.096867169927223523e-01,3.008760559895978098e-02,6.988491941446721423e-02,1.945355364534990042e-02,-8.779077032264104297e-03,1.554675253754560053e-02
-8.912896493819526256e-02,7.460411279813184970e-01,-6.490095565313770409e-01,-7.376664529229964851e-02,1.666595085937143395e-02,8.741669902446828899e-02,1.935800340746935203e-02,1.636520564683354578e-03,2.295423404972403436e-02
-9.242231238573180019e-02,7.652213221520525188e-01,-6.209841144200514140e-01,-1.067126815196515061e-01,5.240857065134091504e-03,7.974543584872779978e-02,4.447089354042873394e-02,1.797432046722826195e-03,2.275709300946925431e-02
-4.609629798398488104e-02,7.418361040695128361e-01,-6.552485374397358786e-01,-1.043796346950198323e-01,3.167165231698036015e-02,6.410734752793618985e-02,3.546686800194283340e-02,-2.509561763655787474e-03,3.052097412422855038e-02
-2.637191072643465389e-02,7.438101645861442401e-01,-6.582163267947641616e-01,-8.124502217550946814e-02,1.945355808453737984e-02,6.736275397009654220e-02,2.870389866971573625e-02,-1.398303183131448420e-02,1.630504133261332853e-02
4.999148130698419928e-02,7.845137044744142640e-01,-6.054018761155801620e-01,-9.337158007899949708e-02,2.542713782669073219e-02,7.552780204070366765e-02,1.787509966468300501e-02,-3.453928412427932724e-03,1.126848211579002668e-02
1.488176864463749971e-01,7.660594750474525316e-01,-6.150299442512215942e-01,-7.976223606582213965e-02,1.644396814221630286e-05,6.910149765351976392e-02,2.682598026271525854e-02,9.523631198614553039e-03,2.823083856818397672e-02
2.655485051169155231e-01,7.412184551877568639e-01,-6.004445240838562903e-01,-1.123079608968896165e-01,2.449796182687836825e-03,6.552562239145781620e-02,3.514045086952585772e-02,-1.433773251575327923e-02,3.453198494163668003e-02
4.509563681573264260e-01,6.611209482581461572e-01,-5.881757217723818654e-01,-9.641357640567166376e-02,2.077820486276060405e-02,5.925159575247525290e-02,1.673337909328444228e-02,-5.311816445598060640e-03,7.776993535030876648e-03
5.241990865409354994e-01,5.898211078913518923e-01,-6.047923824755081501e-01,-8.404518032163278696e-02,-1.116754571764248978e-02,6.378258595087830940e-02,1.057273280236814723e-02,-2.469469173185239765e-03,1.334716505201321082e-02
6.084948070241742446e-01,5.297814656164111513e-01,-5.702422355597476233e-01,-1.158825729574661095e-01,-7.041030381742968171e-03,8.815398184155075201e-02,6.258838284688090885e-03,-9.973991089392811489e-04,5.098845062860574845e-02
6.849088552643440853e-01,4.032415869837164268e-01,-5.871805235143663371e-01,-1.151294184875562010e-01,-1.299387790210612334e-02,9.028278694744022725e-02,4.378528325808132837e-02,-8.323712652803487303e-04,4.760877818841179922e-03
6.686488982871959807e-01,3.012109918907107664e-01,-6.590953095723051103e-01,-1.317402212876759848e-01,4.555049902998061645e-02,8.466845249226824521e-02,3.007324048332130767e-02,4.818954428310305918e-03,1.572447945494631627e-02
6.664911231508825473e-01,2.442093962843289445e-01,-6.865700471830321616e-01,-4.726535000363622091e-02,4.861822402013780964e-02,1.245374896724247837e-01,3.353570964944216359e-02,5.797132921649424293e-03,5.922281583188150622e-02
6.564236563643692790e-01,2.710527526238921125e-01,-6.656290607340350496e-01,-1.356863684886869537e-01,3.833420135999252021e-02,1.167224245266195587e-01,1.349493745702149972e-01,-4.458956277232026429e-03,-2.899483063698046412e-02
6.569943746842734633e-01,1.978903927369194127e-01,-6.905771629176639115e-01,-6.638730826368748061e-02,2.061652304433631289e-01,4.343696186929700553e-02,4.685941144807839742e-02,2.377405262390087232e-02,2.723618060808912639e-02
5.957197593982440642e-01,2.705096168942510149e-01,-7.184772495818253502e-01,1.957314220778613723e-01,1.447742553824696125e-02,4.427692870800006841e-02,7.878406784355321268e-02,-3.662241980491412474e-02,8.777240130339120094e-02
4.013213802273059017e-01,7.154756936387199895e-01,-2.866994958948065331e-01,-4.342279221451203486e-01,6.292211434787941572e-03,-8.983455973048191934e-02,9.519440836002748818e-02,-1.318573539107215642e-01,-1.474008651866574593e-01
5.674869981598352764e-01,3.152545672558639267e-01,-7.174785090365265461e-01,6.796986241802695228e-02,1.119385827968946423e-01,1.520627827155333206e-02,-2.099350592750218181e-01,4.652758832594943578e-02,1.336894953873599655e-02
2.402183852493489924e-01,6.404812334530591844e-01,-4.536577230775936664e-01,9.544527289972922976e-03,-4.314577160210084084e-01,3.492477349776131890e-01,2.165321498117585980e-02,-5.197175607403282244e-02,1.219951762325442585e-01
5.050892898830173783e-01,4.633936740736387394e-01,-3.939629117799939295e-01,-5.563871924347828513e-01,7.707450003283485007e-02,1.537758902447385612e-01,1.490791851051566919e-01,1.163818199520891411e-01,4.560031526310793538e-03
6.425860759331988303e-01,4.100872313000971520e-02,-7.350812871937087989e-01,8.955782582939522674e-02,1.520422820338455661e-01,6.552684840087256990e-02,9.730467904333962859e-02,-1.115615243159826658e-02,5.747434745708528830e-03
-2.491606096259825140e-02,3.362972686879943662e-01,-9.051581662424715846e-01,-5.792060519529928370e-02,1.477856842104690316e-01,-9.383514662034728171e-02,1.340266981443469785e-01,-1.216338436815968781e-02,1.219035997167319807e-01
-7.455376892708338588e-01,2.529541001438252446e-01,-6.056575808764474989e-01,-5.667052355500054595e-02,-1.467170366556291329e-02,-3.391895363122150037e-02,-1.880690264003056361e-02,-9.150830649257733762e-02,7.867625822752454326e-03
-8.727090530272123559e-01,2.491960403900742582e-01,-4.019193203000334669e-01,-8.822617654299755308e-02,-1.721706434555699688e-02,5.700564762406371000e-02,-5.380805547241339359e-02,-1.122799877173609288e-02,-1.974330277737711137e-02
-7.461121325128038384e-01,5.705504625388919671e-01,-2.315506302565521757e-01,4.689617627278997065e-03,9.683337121048332663e-02,2.334600706539705084e-01,6.134898040582777981e-04,1.595771022502542880e-02,3.979607147230431428e-03
-8.196125512122299783e-01,3.627377689557876872e-01,-4.129769364430495582e-01,-6.530616232052154080e-02,-5.601353931447290713e-02,-4.631091567345545917e-03,1.062302660982791663e-01,8.459897389017362324e-02,1.552135893585600453e-02
-7.063675418161901032e-01,5.579047743386045255e-01,-3.624264931842990922e-01,-7.177682940612972740e-02,1.634631216112464314e-01,5.517101742381737284e-02,4.362667636659704751e-02,-1.175833345482217435e-01,8.825600088680153610e-02
-8.681428966977376982e-01,3.346991453690691121e-02,-4.716122620689828238e-01,-9.780015552249471389e-02,-1.024312993979453468e-01,-4.216203201643231591e-02,-5.317961167875711795e-05,2.130514799070802601e-02,2.238212190617958758e-02
-8.984308286890693163e-01,1.897890424192466841e-01,-3.516957146059984662e-01,-9.404597793105633208e-02,4.986473469379618106e-02,1.198848595553900498e-01,-3.168602377320304392e-02,-7.169005736023548181e-02,3.557111268792485792e-02
-8.947417009771374552e-01,2.324667476300788516e-01,-3.657366759708349790e-01,-4.127258657556181348e-02,-3.006743300936634642e-03,6.900465481540424273e-02,2.747269184759714225e-02,5.727030977800165457e-02,-3.353262821651932513e-02
-8.903997217003228881e-01,2.778961048453990612e-01,-3.465354021321004896e-01,-5.642556498935300674e-02,2.747745797583807034e-02,5.343257837438741831e-02,4.301873190408580377e-02,-9.959590187260839583e-03,3.363934203630232489e-02
-8.800961821126865869e-01,3.081066311955051873e-01,-3.543198199435276807e-01,-4.564266785631925644e-02,2.542250935845381810e-02,2.700222368461070374e-02,2.397225339178588391e-02,8.961912609410998057e-03,2.906573986466927731e-02
-8.794689961726503968e-01,2.932758321427610948e-01,-3.687096610310702793e-01,-5.616674698158432427e-02,-4.632057989932400997e-03,2.396663341823923599e-02,2.308880721366938366e-02,-1.680869116068682209e-02,-3.251592254579867367e-03
-8.673854478907747634e-01,3.494622114300219295e-01,-3.443117431363392211e-01,-5.440325018534084706e-02,3.257728928427616744e-02,5.098557394525096015e-02,-5.452696300004077068e-03,-2.032866373540775928e-03,1.771114076434894199e-02
-8.650666172023835365e-01,3.256515056771709937e-01,-3.751307932704522341e-01,-4.786225995213838624e-02,-1.714086172528536678e-02,4.028983453943351528e-02,2.277682692120034172e-02,7.419667001670589464e-03,1.029667197968640348e-02
-8.683477668887176204e-01,3.003269212108698460e-01,-3.836633516650844178e-01,-8.020210300852131935e-02,1.553773824892762216e-03,3.689514094127373939e-02,1.503120199006504655e-02,-6.199369835383108755e-03,2.275777976219070520e-02
-8.615748151594966320e-01,3.122848180847550004e-01,-3.917506247005102527e-01,-5.872958124024777599e-02,1.306637146656369763e-02,5.224499340038607498e-02,1.114459096490005331e-02,-4.685496051623446769e-03,1.424392610982462733e-02
-8.562120615704302828e-01,3.581835981156739068e-01,-3.626336098343168057e-01,-5.233577648633565976e-02,2.098369755348889615e-02,5.843081903446573078e-02,2.234494739527306817e-02,-2.715528589159720290e-04,3.066038033125696727e-03
-8.348333051877334654e-01,4.155482743770765874e-01,-3.521173738822994670e-01,-4.154512655508129509e-02,3.294907760324324031e-02,5.060665079351996803e-02,2.806793904181549212e-02,7.148694426368532202e-03,1.321944884688933466e-02
-8.052258224045810708e-01,4.746185555729756089e-01,-3.485971941349412795e-01,-3.437060148355632755e-02,2.844347182708996738e-02,3.719485083698266525e-02,3.556148946987928994e-02,-9.260857862377729066e-04,1.375843185211489579e-02
-7.633748284624926050e-01,5.397543275128319218e-01,-3.492007001664432231e-01,-3.952294432295500037e-02,3.151610288538306270e-02,2.553276887244795498e-02,2.606205540420260258e-02,-5.771538810141420631e-03,7.950890317213786876e-03
-7.059328321856976896e-01,6.047970611921349438e-01,-3.651727917136873836e-01,-3.300248667881917897e-02,2.091617795199658333e-02,2.663766466272921019e-02,1.373043253224771713e-02,-5.822255691649920635e-03,8.339314301410700667e-03
-6.184991936381407651e-01,6.907489400648518796e-01,-3.696315314868192647e-01,-4.392040813128917504e-02,1.077734935682513571e-02,3.663904821882071200e-02,1.205002453876299201e-02,-5.727886942232703060e-03,1.147148877849856960e-02
-5.319063946883210159e-01,7.245537970924275095e-01,-4.316297879354284439e-01,-6.495698109523477537e-02,-5.227594302277726625e-03,3.261627009147519130e-02,1.598358201496271128e-02,1.176618210403957213e-03,1.502301704439728755e-02
-4.279783125112033293e-01,7.541272963892012848e-01,-4.883851735123254101e-01,-7.981948854136856897e-02,3.856069679786125123e-03,4.870685047089198111e-02,1.179506410617809156e-02,-1.324296738716955121e-02,2.310043559007148375e-02
-3.467470051252907193e-01,7.601735276476295766e-01,-5.395406057906315667e-01,-8.493419919239739158e-02,-1.491454161035895686e-03,5.708748774148554583e-02,1.310138096042137712e-02,7.594925206182898375e-05,1.232806422423799765e-02
-2.634748063878887270e-01,7.721882166681733883e-01,-5.655462471010138659e-01,-9.105326089006039736e-02,7.850083926592893446e-03,7.292148547301650907e-02,2.024813697742624402e-02,-6.430687201534578991e-03,1.851007452037506384e-02
-2.244896652598098452e-01,7.562793327484514938e-01,-6.022764178385132672e-01,-9.432026089416374603e-02,5.813517329066806606e-03,6.629056126535765037e-02,2.588716092015612077e-02,8.699884593361923574e-03,2.896027210689907164e-02
-2.399004188966820661e-01,7.254308547356255188e-01,-6.317011928173834612e-01,-1.032956871546202998e-01,4.348730038754525934e-03,6.706433831260563694e-02,3.483001112121380388e-02,-1.456182682759970919e-02,2.323261968799935143e-02
-2.438466969427916520e-01,7.230739460580088984e-01,-6.326927390455291400e-01,-1.021014374685900034e-01,3.042547795966836152e-02,7.374233687254777569e-02,1.636858233875915572e-02,-2.617694425174558158e-03,1.842896035376887995e-02
-2.600977999406419716e-01,7.250689960692602298e-01,-6.267214306747561636e-01,-7.533515174101468315e-02,1.102955093711248391e-02,8.314107278040018534e-02,3.065026488531163995e-02,-9.586989066891323180e-04,1.394639136889953140e-02
-3.001920062477017037e-01,7.281338861698095632e-01,-6.012916775286576421e-01,-1.032377739895757457e-01,1.983102649318989330e-02,7.006275728388519641e-02,3.496288651024122979e-02,4.705010890868914150e-03,3.081369212015010184e-02
-2.363072863365498766e-01,7.476847520725051766e-01,-6.089264476730630316e-01,-7.782111072982453304e-02,3.205971843969403906e-02,7.150640791882494074e-02,3.865904430448451057e-02,-1.068628132570347694e-02,2.300269020308439577e-02
-2.171711331093253428e-01,7.678071698531109268e-01,-5.933366720421052731e-01,-8.291142792628447555e-02,2.434669300735194455e-02,5.201763116684492844e-02,3.274665309409889591e-02,-7.763735607592258531e-04,3.820489237787603239e-03
-1.430965845751828447e-01,7.943320692428326169e-01,-5.817219637528951992e-01,-7.009389556127010312e-02,2.329062774224539834e-02,5.911455489205810765e-02,1.408856871927412560e-02,-8.195848240543923691e-03,3.071954280559196018e-02
-1.245012453413904263e-01,7.860454636461070566e-01,-5.947059772415815848e-01,-9.217249828405241208e-02,-1.964035903004892128e-02,5.420000852907888578e-02,2.321326600781410329e-02,-7.985179896271434692e-04,2.445653707949008507e-02
-2.008344550555096197e-01,7.084569321835766376e-01,-6.594913658461939443e-01,-1.347752413625605272e-01,-1.206250254770592847e-02,5.988245696830320902e-02,1.501277680371663169e-02,-1.564527431396773791e-02,2.143592539605212663e-02
-2.559856747603837523e-01,6.676084748885604547e-01,-6.823009195963535278e-01,-1.091231273015503128e-01,1.571496176817944665e-02,1.010041450816919206e-01,-6.039462289036888715e-05,-4.438266402752697251e-03,2.931480133158491375e-02
-3.282552818860711707e-01,6.708444127676347346e-01,-6.456195932700602436e-01,-9.887579046831017349e-02,9.065648555360364402e-03,1.156553937406728239e-01,4.538678960818977315e-02,7.352173610979892589e-03,6.541513940089638615e-03
-3.386948958459447545e-01,6.925206481847169249e-01,-6.165839428796429100e-01,-9.809884972653495905e-02,6.082179998486350603e-02,8.752039995069389733e-02,5.833311019418006838e-02,1.529377060683019020e-02,3.010005823614146300e-02
-4.415106243976685274e-01,6.387460508061940656e-01,-6.221653848317113544e-01,-5.953976172247114201e-02,2.494923409442820206e-02,3.807327627025381550e-02,5.716778875060798265e-02,-8.385774615830903986e-04,3.310896984305815305e-02
-5.113829719758138381e-01,6.622403623202232081e-01,-5.366536231536590540e-01,-8.391244989135453192e-02,3.818713758075167192e-02,4.127905033600496459e-02,2.124265100683453769e-02,-3.371930482544539809e-02,1.167427871355712632e-02
-5.216020810814820940e-01,6.701638683748608605e-01,-5.223384297172859458e-01,-5.330338792469908882e-02,1.587920310792470882e-02,5.311870120464166900e-02,-3.985925378826818410e-03,6.502783191154334376e-03,-1.026115573749128039e-03
-5.104920917112616419e-01,7.037526897712417240e-01,-4.820892024308826018e-01,-6.857926787961567128e-02,-4.217769005539434915e-03,7.704722636178004680e-02,2.118694348995878857e-02,-4.032672451777936408e-03,2.444682330441593290e-02
-4.617004815936043283e-01,7.084442424734305188e-01,-5.192831049701958079e-01,-9.686994587907293841e-02,1.175272375601798397e-02,5.781608834723689361e-02,3.585831012568451576e-02,1.290190627467337724e-02,3.110605893275637107e-02
-4.605640608637320832e-01,6.630560139831579436e-01,-5.803520522614760146e-01,-8.365733932699272180e-02,1.328353773573005825e-02,4.805404515235068424e-02,3.832580044618744131e-02,-1.795269682794516097e-02,1.239367744369819675e-02
-4.897361716426872347e-01,6.672130406367037248e-01,-5.510656993108951074e-01,-8.091855629159031005e-02,3.287826800369401947e-02,5.740216193910697290e-02,4.263772245988014555e-03,-4.701437563744300524e-03,1.864808056155044594e-02
-4.932850361314596310e-01,6.822597883695350474e-01,-5.305755923450838907e-01,-5.882402879200288731e-02,1.267005228115889327e-03,7.431883450152447501e-02,2.357425251736151167e-02,-1.822427985818005081e-03,1.169477052592167617e-02
-4.745734296854650092e-01,7.061616853045055153e-01,-5.109172032724690338e-01,-9.476526376616357938e-02,2.104986159569301185e-02,6.386392131241457049e-02,3.312709036232852622e-02,4.938113699104582435e-03,2.134019743741964389e-02
-4.322872510223962905e-01,6.994127082435536158e-01,-5.606222731839272111e-01,-6.738248866684476424e-02,2.186136060343205761e-02,5.303000487178954891e-02,3.428598912841770985e-02,-2.239245481776062138e-03,2.532231046112294257e-02
-4.477846621108801384e-01,7.032653148752064931e-01,-5.428445561253666396e-01,-8.153273359131910092e-02,1.582860171427547327e-02,4.785255347275554905e-02,2.638380214853381853e-02,-1.292284894747614682e-02,1.324680954334715201e-02
-4.437362383120270759e-01,7.022538280172657688e-01,-5.480306230966665026e-01,-7.666568887009921063e-02,1.602095021434863167e-02,5.572174335464283312e-02,9.227700433077960784e-03,-3.266579732414262843e-03,1.628237130945657529e-02
-4.265864202969945618e-01,7.178914093191707257e-01,-5.393780943591618415e-01,-7.566079894715764531e-02,3.655432417247527453e-03,7.201684510406873574e-02,2.047706226899171852e-02,-3.810442404051846057e-03,1.921061052399111041e-02
-4.223953665779738298e-01,7.058984288473665325e-01,-5.555741337783404177e-01,-9.622513599584088528e-02,8.656804884342582385e-03,6.261355685674224736e-02,3.037778952870251112e-02,4.445890830319054049e-03,2.072905468958836234e-02
-4.298886796921282394e-01,6.780725944502766778e-01,-5.851839089322139476e-01,-8.599135538714898497e-02,1.740220329174483119e-02,6.162026136761551698e-02,2.847748277316267465e-02,-7.672253193608391010e-03,2.467459156585126781e-02
-4.452626216339867216e-01,6.856559996006241775e-01,-5.649470568076949695e-01,-8.183706307600231711e-02,2.274367125762904659e-02,6.640794540750594166e-02,2.370967214795778599e-02,-5.720851182394180376e-03,1.524465846057874822e-02
-4.299915733509276916e-01,7.095823799690896827e-01,-5.479475392669427292e-01,-7.252072159130891482e-02,2.327704545033197972e-02,6.823989239691154174e-02,2.764116677478996309e-02,-2.379412770201375191e-04,1.147769836737825948e-02
-4.516299720786466909e-01,6.945684788710891899e-01,-5.504807718022184382e-01,-7.779256521490074405e-02,1.094156092220837859e-02,5.304341318253811416e-02,2.974043504276767391e-02,3.932936533002776187e-03,2.628593252079752460e-02
-4.491845485565879592e-01,6.951590972135869295e-01,-5.502978314001051308e-01,-8.412781531228587240e-02,1.573785643926203792e-02,5.738505919090101937e-02,2.660407293820258451e-02,-1.417938006259269849e-02,2.514600737337131797e-02
-4.644657005450629206e-01,6.792360742585668021e-01,-5.586771325044316283e-01,-8.432250403148185136e-02,1.312682959164336756e-02,5.561018842634370823e-02,1.899189836726109318e-02,-2.194253249503008707e-03,7.016531238732677186e-03
-4.765996506068099769e-01,6.774848817064695883e-01,-5.496817457995957223e-01,-7.665270326013134961e-02,1.540368838083929111e-02,6.979886153684181083e-02,1.676562204833340411e-02,-4.698422866484783939e-03,2.071312556297453047e-02
-4.792290547459752137e-01,6.841958155965888189e-01,-5.379716417867344003e-01,-8.036590240656237005e-02,1.142711987191745958e-02,6.902750565637499891e-02,2.902885767922377611e-02,4.718816781384204545e-03,2.414779400643500551e-02
-4.341539985941897939e-01,7.113484111389030140e-01,-5.404188041563658951e-01,-8.143709917776813245e-02,2.776365029053671357e-02,6.494014848130304218e-02,4.001915835496232948e-02,-7.627927337189834706e-03,1.270814673422451628e-02
-3.842416043836875406e-01,7.384775870938865561e-01,-5.458360085999127698e-01,-6.584329914213242485e-02,3.518742279033485604e-02,4.968696617092461382e-02,2.704469439358360774e-02,3.556502312416637279e-03,1.690978891055882477e-02
-3.869346568727470292e-01,7.378643838397173083e-01,-5.461184167117657529e-01,-6.615275536450307414e-02,1.697632296726291241e-03,4.377133989085755378e-02,2.590022587904922471e-02,-9.881612326871654431e-03,2.299848133033711994e-02
-3.804817479450694484e-01,7.359145114398135679e-01,-5.483590335097727753e-01,-9.828078838271063489e-02,5.507710745026629662e-03,5.086790222892446228e-02,1.037566900229066995e-02,-1.053534351259104510e-02,2.168414192608000141e-02
-3.497114724042572620e-01,7.235983203429232624e-01,-5.841096480127981883e-01,-8.581125165857461656e-02,2.065095120031413493e-03,7.252560802837627885e-02,1.170419889399690154e-02,-5.499399352668341880e-03,1.132452869525787595e-02
-3.116184168373181129e-01,7.455766882951128105e-01,-5.740365776233671280e-01,-9.373208497583573884e-02,1.556662939007868833e-02,8.632832083790842326e-02,2.415214659834202457e-02,3.889384059610287697e-03,2.030555422288393350e-02
-2.625145643463477896e-01,7.472652466591261922e-01,-5.975083421570573927e-01,-8.547884223848323249e-02,1.803545901477870625e-02,7.244929613177263084e-02,4.440182507711486898e-02,7.907813061956462178e-03,2.738009047375489571e-02
-2.513597558512565833e-01,7.423226339784837480e-01,-6.093444461043260318e-01,-9.260517487254436853e-02,2.547772623923295204e-02,5.247066259961051526e-02,4.299577186006822010e-02,-1.101299449768479259e-02,2.295213272590686249e-02
-2.170135860628883973e-01,7.596998638148740879e-01,-6.043524786754909117e-01,-7.755546943710135699e-02,3.163943627693883986e-02,5.378393965977706220e-02,1.552270572144076426e-02,-1.128614497428359967e-02,1.556770723079899457e-02
-1.999781399439912455e-01,7.785400273864538923e-01,-5.862849875692129897e-01,-7.459601237355502346e-02,-5.597550604930158664e-04,6.507864146604222522e-02,1.428182550707846055e-02,-4.246476364085420563e-03,1.148788877273058777e-02
-1.402567250254761477e-01,7.899559498914334732e-01,-5.820741892302535581e-01,-1.035181206230035150e-01,2.834466981108966100e-03,7.389130436094200338e-02,1.886456656867545323e-02,1.011541327148389674e-03,3.076412033467922080e-02
-8.573697370903089754e-02,7.532507271297959051e-01,-6.385704761564329202e-01,-1.033961033146939962e-01,-1.275374164954667022e-03,7.067208160086960178e-02,3.355437708091438959e-02,-1.060845578949991611e-03,2.600605519188075102e-02
-5.346853437789274299e-02,7.411082354045539500e-01,-6.539609883975391336e-01,-1.127211753345925410e-01,2.356052400807243444e-02,7.560723502050097078e-02,2.831035583146888565e-02,-1.227683301501016414e-02,1.746174038196563957e-02
-4.232142224123007501e-02,7.336582479821291969e-01,-6.669342490091668685e-01,-8.650097982082045889e-02,2.136212980757405330e-02,7.944342951390274965e-02,2.088451410340307415e-02,5.554595124545483147e-03,2.088408094002756205e-02
-1.114230171397004587e-01,7.288745249468900900e-01,-6.611754298895868853e-01,-1.029078286982623158e-01,2.418695971650203387e-04,7.954149054203317470e-02,3.821138296929200984e-02,-5.207214901841079185e-03,2.774411187712189086e-02
-1.264390333005119549e-01,7.223391582551929035e-01,-6.633079787452259568e-01,-1.159960301365237506e-01,3.027897386096879348e-02,7.831551992131796647e-02,2.959280627994705093e-02,-3.435221909678795420e-03,2.948026090436974347e-02
-1.337195563627497641e-01,7.195563373440848620e-01,-6.700281736656289455e-01,-8.216536045098697671e-02,2.350377681517168763e-02,8.174415211139157700e-02,3.640475996321377444e-02,-5.902235070118167816e-03,8.612828489319619002e-03
-1.932439063036223148e-01,7.356712013076676104e-01,-6.360306918897161710e-01,-9.725636273292150025e-02,2.748964422115894243e-02,7.193640606410101057e-02,2.976376805761443006e-02,4.000446101369612741e-03,2.486810427995814893e-02
-1.803568726676472445e-01,7.470111863917722195e-01,-6.284972884044507380e-01,-7.888457572097772041e-02,1.944040661022474609e-02,7.398931950741685637e-02,3.487371751812428505e-02,-5.983056326459765956e-03,3.331285220145641102e-02
-1.278385868466018760e-01,7.795408344588006244e-01,-6.001402660641128595e-01,-9.718209175666935040e-02,2.491433867223519227e-02,6.434834298996265634e-02,3.870543433422333340e-02,-8.384741515960417862e-03,5.553121673053451786e-03
-9.294702361737847141e-02,7.646433209504274187e-01,-6.294595266221486574e-01,-8.028965690718846415e-02,2.201582680054060132e-02,5.282850170915364546e-02,1.713304988176081456e-02,2.523162188742972007e-03,2.098244258163630901e-02
-1.374394266932902134e-02,7.962159427481081408e-01,-5.932100903783839030e-01,-7.953294558370943568e-02,2.966393287606908236e-03,7.572086365525090845e-02,1.891054980677581501e-02,-1.508836120533129516e-02,3.605356534381998213e-02
7.629131179542000818e-02,7.799412560133273109e-01,-6.059579747038232878e-01,-1.176717078994026083e-01,-4.999840773115023576e-03,6.216621023187240969e-02,3.022105361325921891e-02,3.877554160708034190e-03,4.646649938546743887e-03
2.263594458249033325e-01,7.323277691252823018e-01,-6.293740459098570161e-01,-9.430735542951884653e-02,2.543162211167089570e-02,7.593119236639889191e-02,1.431494642304725375e-02,-1.042180020806480339e-02,2.694490513421952949e-02
3.689574405512839328e-01,7.074244404017207000e-01,-5.911528409725548272e-01,-7.984425997795252528e-02,-9.737712940347762478e-04,7.757076793895810451e-02,2.421802077766341266e-02,9.440505543152115375e-03,2.984079419751360651e-02
5.048620948156723465e-01,6.356846811297973687e-01,-5.673353530943661127e-01,-1.147021381428232761e-01,-2.275931676778754700e-03,6.151527920681296863e-02,4.418418644928599759e-02,-1.325130671296567871e-02,8.724627632078891387e-03
5.531072342346180504e-01,5.242585639762785688e-01,-6.355865169268400949e-01,-1.055113548902819054e-01,1.695476693887578226e-02,4.734057963080647025e-02,-9.496155245115926952e-04,7.247035509579695042e-03,3.924873411757882208e-02
5.702626107861860083e-01,4.772191798999950718e-01,-6.516880052501614617e-01,-9.342368425921819541e-02,-2.957937958632169545e-02,1.039929869212056351e-01,1.696694957535710771e-02,-3.397919432319952693e-02,2.247718970749055731e-02
6.011438521991846473e-01,4.389883722690821610e-01,-6.331895004902836632e-01,-1.707410629869932917e-01,2.910966531425108680e-02,1.177502550586851104e-01,1.816835438580690840e-02,2.786608574624234794e-02,-3.836774375024611886e-03
6.599269244411337665e-01,3.219958439367618941e-01,-6.586203623286815967e-01,-4.425136064500865413e-02,4.459761934545927037e-02,1.321900521825824515e-01,6.025425115475855492e-02,1.622895558889235132e-02,4.146148771060283872e-02
6.742082501901497382e-01,3.352080794027803012e-01,-6.249659641665705756e-01,-1.220495226402164152e-01,5.964848443295787256e-02,7.151163841085253492e-02,1.258118234465727125e-01,1.856895277971240543e-02,5.248770794804921702e-02
5.587168635750484613e-01,2.397201363520768957e-01,-7.764417249628499107e-01,-8.102715224011469708e-02,1.075461532536171189e-01,-9.964714520879484894e-03,7.959540285693510187e-02,-5.381299655871030901e-02,-6.770048083660851548e-03
4.927438291051494113e-01,3.904529373477354515e-01,-7.497473778897940644e-01,2.992444425648261436e-02,1.464852073254376552e-01,6.329036959050812761e-02,-1.129102570070420336e-01,-5.807631317982268893e-02,-1.217573162496554326e-02
1.908860650172692353e-01,7.299699265322090458e-01,-5.691747636224163687e-01,1.596609633625119262e-02,-2.236013459065690490e-01,2.179680946341000791e-01,-2.924690588362252250e-02,8.527698615710110897e-02,-2.926415422456877385e-02
1.555680705449035972e-01,6.765575873120714956e-01,-5.615841607968264926e-01,-3.645835753305115556e-01,-2.215062705340930735e-02,1.727546931814449849e-01,1.268190604522413112e-01,4.523214792603472839e-02,1.459677972146030678e-01
4.880491290958957618e-01,3.586416517894880918e-01,-7.679751336998624778e-01,-6.396471498742718753e-02,1.298635612074557355e-01,7.471192679808599801e-02,1.212329241172167699e-01,-1.110341804808257296e-03,4.649571121513437766e-02
4.360704878591744604e-01,4.702928266422675696e-01,-7.202791513309590998e-01,-2.545564116400735738e-02,1.518340856063695732e-01,-8.653157768966321037e-03,1.126956630677636573e-01,-8.546923201927994485e-02,-1.615034752890011360e-01
3.143338087481130638e-01,7.055167309320182767e-01,-5.319373592987639565e-01,1.230861497402890858e-01,1.674942589538578885e-01,-3.773707906135847362e-02,-2.071897920308411745e-01,9.552966641770467560e-02,1.542754146681352412e-01
2.513647703381294285e-01,8.219779664468036540e-01,-2.177508554561046750e-01,4.652937080533479236e-02,-4.142207479269287562e-01,1.001558463136416055e-01,9.797750940458206659e-02,-1.136097619706764317e-01,8.643359058448488175e-02
1.194249934433688487e-01,5.667436491600521542e-01,-5.626020057900339433e-01,-5.809108259970138244e-01,1.036346496366928605e-02,-4.091167482813166945e-02,-1.486653945133419724e-02,1.646853390997486677e-02,-9.103575808768020472e-02
-5.418344700843732431e-01,9.688201516205177666e-02,-8.255213733733581805e-01,-3.678884284124715048e-02,-4.917440308115543501e-02,6.611510724224378688e-02,-5.658711134075902760e-02,1.542447981713377650e-03,6.478051923984651239e-02
-8.732948884716664750e-01,7.426959977277053371e-02,-4.575793295894517998e-01,-1.209883665628212202e-01,-7.246317073510588624e-02,3.743203577701220003e-02,5.616176068423611896e-03,-2.365148598243953584e-03,3.367243428771050928e-02
-8.904141013668455118e-01,1.315876924295777406e-01,-4.178514554657985491e-01,-9.805975287159209020e-02,7.761435432604092861e-03,7.092392556963537931e-02,2.001128240554929296e-03,-1.357672073005590854e-02,1.879037950146397046e-02
-8.962450681715226075e-01,2.284056615200246720e-01,-3.649791993796512313e-01,-4.649981256283019365e-02,3.650170239548394119e-02,8.547879242949771306e-02,2.240595710586035932e-02,7.586663895689307879e-03,-2.236157365540598560e-03
-8.927066155926143276e-01,2.965718711169390009e-01,-3.288128255293109037e-01,-3.625788586261508711e-02,3.121038791480811037e-02,5.048380011942873308e-02,4.300102217011521344e-02,1.512579992521189895e-02,9.323899411665422313e-03
-8.737250033178780573e-01,3.592179530684584399e-01,-3.199599045922601470e-01,-3.378012304697085993e-02,3.688024235958353714e-02,2.883415358824344826e-02,3.593511809589516881e-02,-2.808235630067830880e-03,2.368256576370347116e-02
-8.620806362245237997e-01,3.708638463969190502e-01,-3.416686591920780058e-01,-4.131048155689777401e-02,1.049501692083391370e-02,1.380613199706584235e-02,2.121413105783680544e-02,-6.418155104839596246e-03,6.400686638954370365e-03
-8.290169556622338787e-01,4.512581596549051777e-01,-3.229132404308404647e-01,-4.060720544056867914e-02,3.102340333181710999e-02,4.400843654488557910e-02,3.003034289041787378e-03,-1.510328200200611315e-02,6.223600771609258397e-03
-8.274710952119787022e-01,4.130569733927277887e-01,-3.750488046951840904e-01,-4.976653269927024809e-02,-1.579752051953981634e-02,2.791445194571020791e-02,1.369302341564048939e-02,1.457244733611747292e-02,1.041999263503327021e-02
-8.246990128769356998e-01,3.965037991048792065e-01,-3.921014772387024228e-01,-7.516401447113270351e-02,1.626961307987724635e-03,4.589922822175750150e-02,1.387679398178482369e-02,-1.501161701580879318e-02,2.712522294697552322e-02
-8.190143117206859502e-01,3.916082645292101039e-01,-4.104193182977329823e-01,-6.610151240418439544e-02,1.109682128102964377e-02,5.140700693586306574e-02,1.360654487595155081e-02,1.992309871721004242e-03,9.495810038212204596e-03
-8.089025755413791208e-01,4.285442138146299818e-01,-3.924740893331509217e-01,-5.338287222808917737e-02,2.481874716342009207e-02,6.237076098963749426e-02,2.423911228440108964e-02,-4.374715287607237879e-03,5.299387506663942593e-03
-7.931219939477147651e-01,4.694771117545501471e-01,-3.795536943282281639e-01,-4.538773550001490992e-02,2.981930612638588468e-02,4.850541665568780525e-02,2.794415592218048652e-02,1.111027076223455867e-02,1.677529175803037578e-02
-7.765880604908855789e-01,4.933620746584693184e-01,-3.852295222803386876e-01,-4.516383066465431279e-02,1.789236928751378186e-02,3.516020631132054514e-02,3.527751127563406863e-02,-6.163759868382277102e-03,1.498063519878630075e-02
-7.451745493479660087e-01,5.419074395000084143e-01,-3.818478063657168020e-01,-5.173065899169081855e-02,3.166743582326488754e-02,3.303764458434704093e-02,1.759170379885332397e-02,-6.937785048366918242e-03,1.074692315733600384e-02
-6.957023374996658127e-01,5.994685977909047780e-01,-3.912810191818126837e-01,-3.529510076774216437e-02,1.766810327419419957e-02,4.105867649714957379e-02,1.592394244238813997e-02,-3.800942414452892441e-03,4.804357895965762938e-03
-6.378395990082137423e-01,6.589563152130972767e-01,-3.918272498767106926e-01,-5.454756890698032878e-02,1.251936124010120770e-02,4.108983864955753629e-02,1.892662803297557456e-02,5.764441517721268339e-04,1.515027311782449551e-02
-5.524679150846999454e-01,7.026737383645280666e-01,-4.413805717510673188e-01,-6.004554639904258889e-02,9.145122681022497396e-03,3.985799084887791527e-02,2.263312578473764686e-02,-3.209430426966546849e-03,2.029019278645634652e-02
-5.064926414450988679e-01,7.038831024008370685e-01,-4.899989994760914347e-01,-7.694112027244515151e-02,1.860275544661941409e-03,3.718461135786506333e-02,1.868299026250345302e-02,-8.193430133747330729e-03,1.387387727879112187e-02
-4.607187916734711286e-01,7.118316359964907969e-01,-5.205830460600482379e-01,-7.967531336200911474e-02,9.532790773513596244e-03,5.597545368928104337e-02,5.922948869790172974e-03,-8.965843547295203331e-03,1.842445113218420250e-02
-4.468380063842063987e-01,7.032705351453483189e-01,-5.421009786158033084e-01,-8.222369308023355639e-02,-4.045164011499148386e-03,6.734335611506342412e-02,1.726351840500000429e-02,1.688599352648072465e-03,1.611745410372239506e-02
-4.102192072056105032e-01,7.147757710907433060e-01,-5.518867530647241226e-01,-9.451783499142696332e-02,1.680232097712293371e-02,7.548908880871933735e-02,2.868669836569444700e-02,-2.812271611595155030e-03,2.216830411449084368e-02
-3.986927757580464027e-01,6.997014163749729621e-01,-5.821879840282661034e-01,-8.176838200788059952e-02,1.873661991154299683e-02,6.190900672639004787e-02,3.442257046079205685e-02,5.231934080212675628e-03,2.090475800414716076e-02
-4.479428951857420405e-01,6.730369000636576837e-01,-5.781508465190071666e-01,-8.574357118529053745e-02,1.490885518404897782e-02,5.489929207620720952e-02,3.081756790021003209e-02,-1.111135237582447019e-02,2.118352186947511026e-02
-4.611920661488270734e-01,6.816463511099953854e-01,-5.575029621113413159e-01,-8.053523934906316184e-02,2.567043118165005314e-02,6.380825283019021799e-02,1.549709352910512081e-02,-5.695524831207782711e-03,1.901550742494405657e-02
-4.922920098224117802e-01,6.671124644753921862e-01,-5.496947550103716829e-01,-7.429160126222797422e-02,4.546601267303830921e-03,6.406930655362912119e-02,2.638713425400139242e-02,-1.696701361389650034e-04,1.020361872672967234e-02
-5.037635549314589678e-01,6.686156460179550898e-01,-5.343199254227941619e-01,-8.736167417453671868e-02,2.181144033484840733e-02,6.516340928789692011e-02,2.400041014885063995e-02,-1.605560532050264973e-03,2.729372552392829443e-02
-5.049922775267180475e-01,6.604087361934527500e-01,-5.462339219408528512e-01,-7.233754546991597034e-02,1.424805917690224674e-02,6.064572651775692463e-02,3.194501742002758132e-02,-1.360491600057269629e-03,1.832038273923169286e-02
-5.077230400904959584e-01,6.730385817035164919e-01,-5.269304593406631820e-01,-8.093779341982543230e-02,2.586953009770768044e-02,5.780343520552126690e-02,2.863663246196024650e-02,-8.058384396864669633e-03,1.158804246916736620e-02
-4.932407459476472744e-01,6.851532686693750929e-01,-5.280412232418132401e-01,-6.311325660521266423e-02,2.331082794200591349e-02,5.574062016807986714e-02,1.991586109218083239e-02,2.751772002674461332e-03,2.032543132117840823e-02
-5.089399951638916564e-01,6.797817617023057535e-01,-5.189289424747209889e-01,-7.451277061613015285e-02,2.246775089560833043e-03,5.275381408726666915e-02,2.908130765419892835e-02,-7.003820997438827724e-03,1.883211602990048084e-02
-5.063834013455046357e-01,6.717825339694790676e-01,-5.295963422449629920e-01,-8.900761239319743279e-02,1.736658398328098235e-02,5.345746402971928574e-02,1.749875509317535757e-02,-4.820536821421968904e-03,2.001735265531921770e-02
-4.715335768567232022e-01,6.925124018558670436e-01,-5.364304642965901371e-01,-6.748778563688095922e-02,1.771701177606942873e-02,6.945427531332042104e-02,2.085620211573722266e-02,-6.188109985428761825e-03,1.262347810399344454e-02
-4.591806586913668164e-01,7.089495038489107559e-01,-5.245465688170252161e-01,-7.931816924111224909e-02,1.513591108316552324e-02,6.134348021013547037e-02,2.911598925054691839e-02,5.823959652806262252e-03,1.514830492119886157e-02
-4.615927379476236214e-01,6.866811027888878316e-01,-5.518843084930967757e-01,-7.916102155882170921e-02,1.136004360403632292e-02,5.172697926410561864e-02,2.952512085452115020e-02,-3.173477353670650560e-03,2.952821289970907273e-02
-4.833204519161440338e-01,6.702289552634722591e-01,-5.527755731233302550e-01,-8.692057482030393634e-02,1.205521418822602490e-02,5.417191104953314462e-02,2.231933959410483184e-02,-1.181564152507834885e-02,1.899424325005333314e-02
-4.966329140756330918e-01,6.632988577674486796e-01,-5.495746449389622423e-01,-8.122201718774008095e-02,1.661353905338036965e-02,6.448322419961531604e-02,1.534869295451056492e-02,-4.785757971819565651e-03,8.275612815883110970e-03
-4.795311559267075863e-01,6.910937583822559516e-01,-5.294356958842405536e-01,-7.040928334328297455e-02,2.091566349379624795e-02,7.638020453055215098e-02,2.238663623064636454e-02,2.882562106766097670e-03,1.996980455091099116e-02
-4.763879615446780513e-01,6.909312841670860461e-01,-5.327305632736638596e-01,-7.816375660400060044e-02,1.077047792257130286e-02,5.853243556022729582e-02,4.081093284354288947e-02,5.391733158990861391e-03,2.281211364367639882e-02
-4.580663841875933784e-01,6.937221711971132132e-01,-5.450784730468480888e-01,-8.332336649060402556e-02,2.807683345997580293e-02,4.934898089841160268e-02,3.227946749983445773e-02,-1.214523665617024857e-02,2.140818525933602112e-02
-4.665898554333526849e-01,6.867255847175222083e-01,-5.503988090631101171e-01,-6.877762289692483655e-02,1.691059299079715819e-02,4.821970894904245575e-02,1.574864985040032306e-02,-4.773038128234996687e-03,1.227832725186120237e-02
-4.689312686475627379e-01,7.027160785044782587e-01,-5.251555763868461790e-01,-7.559088687257645156e-02,8.467834205295374922e-03,6.454671244599345659e-02,1.514697509641252902e-02,-8.466068439871547377e-03,1.587857784494516381e-02
-4.503018394750952225e-01,7.055841245727056954e-01,-5.356683875122963956e-01,-8.437741926555569760e-02,8.107641108154714851e-03,6.500222025948276805e-02,2.210753899607044437e-02,6.555676083620945102e-03,2.227966790591582452e-02
-4.194989101640972939e-01,7.080498443267329023e-01,-5.561634284485650337e-01,-8.440073028885956841e-02,1.446415863497823792e-02,6.610635345574560062e-02,3.490819359826125012e-02,-7.540535660191898665e-03,1.975187060758944874e-02
-4.273266124042057190e-01,6.941828803310433615e-01,-5.689490376166148611e-01,-8.616745490599307666e-02,2.152090481166049618e-02,5.380554278670419271e-02,2.558772384347480361e-02,1.122872983420681280e-03,1.897574933650853640e-02
-4.537277417981678829e-01,6.794839845941107459e-01,-5.673662496841005431e-01,-7.540654575024173523e-02,1.165027850906201479e-02,6.062952016760957824e-02,2.270863705688170794e-02,-1.068611325531684635e-02,2.001248764349655707e-02
-4.611146739321272392e-01,6.932608976228943343e-01,-5.421886827689489374e-01,-8.569901392800530204e-02,1.803461374718052720e-02,6.667315220283780153e-02,1.975259295665492826e-02,-1.462284963837987397e-03,1.693625924184420303e-02
-4.239598146565948245e-01,7.134231943805666720e-01,-5.473492304633341687e-01,-7.274251675414269980e-02,1.931687853230126123e-02,6.993499544834036463e-02,3.061097596162250592e-02,-5.736670512968569885e-04,1.419017673756222710e-02
-4.194253939376074158e-01,7.146931548066747242e-01,-5.494333957273159763e-01,-8.082583142449073499e-02,1.784153068067039286e-02,5.430979344069550990e-02,3.232207769095624128e-02,2.799345734521027293e-03,2.378518663903488040e-02
-4.089555257971318469e-01,7.125750364819676275e-01,-5.606392532769117754e-01,-7.872840574789333190e-02,1.597170952283443954e-02,5.285540850006978375e-02,2.705334561811962787e-02,-1.152966584044476210e-02,2.374983578678035653e-02
-4.247977367640218271e-01,7.021033837862633575e-01,-5.618912763106519437e-01,-8.583976525463150875e-02,1.052906611344970288e-02,5.418783708173991603e-02,1.701638196125803207e-02,-6.082404514902576761e-03,1.156346844624001231e-02
-4.215343123474877274e-01,7.044599268637681266e-01,-5.601047761727249163e-01,-8.096441261607918716e-02,1.248683503031004088e-02,7.097492438767004364e-02,1.436234794381261066e-02,-4.642184044685460781e-03,1.874168356862781701e-02
-4.083928338294535720e-01,7.142438628989745686e-01,-5.559622729943825004e-01,-8.417182812939630332e-02,1.033824481719874781e-02,7.386308356371601436e-02,2.856158961351114300e-02,4.594775671508966215e-03,2.219326834901177645e-02
-3.728190154669135947e-01,7.246892230647330457e-01,-5.669029642180897222e-01,-8.743462681889278831e-02,2.281890174362009166e-02,6.580787080860268923e-02,3.987254717316791874e-02,-3.529482565139714124e-03,1.881678696000744361e-02
-3.400042910204921220e-01,7.361266483084883960e-01,-5.758793380626544556e-01,-7.592855520194866092e-02,3.073144879054266754e-02,5.384696654881493405e-02,2.947818744832465809e-02,-2.137115933339149218e-03,1.987545431433612383e-02
-3.287744428033294586e-01,7.490853060611714076e-01,-5.672020148507069814e-01,-7.151476099844558676e-02,1.226788260413909717e-02,5.296586948766136144e-02,2.420280993318167304e-02,-9.642852439097987505e-03,1.764761811798217297e-02
-3.307095980144404979e-01,7.453840388748613766e-01,-5.682788330936767718e-01,-9.181775259125703192e-02,4.712370021281541213e-03,5.469785536319417274e-02,1.459766885067314592e-02,-4.273597468674867651e-03,2.042173241323606142e-02
-2.857463581338529623e-01,7.493976963596826746e-01,-5.852169497522312636e-01,-8.893488557754408719e-02,6.973009419508090223e-03,7.446573911312562299e-02,1.677549912563968890e-02,-7.812315397471118750e-03,2.067850452115818291e-02
-2.399763579529401725e-01,7.579604046260747241e-01,-5.929509915027395550e-01,-9.579764218811386012e-02,1.189084720470840600e-02,7.698237264898401266e-02,2.830333185119646849e-02,4.290623801845703904e-03,1.587891927792121904e-02
-2.005682466006108444e-01,7.519031634193390490e-01,-6.155486371023827230e-01,-9.067137577404339732e-02,1.911603156150559063e-02,7.035697223405117107e-02,3.587077772773119427e-02,-2.415778339869173485e-04,2.627338982588966337e-02
-2.401481492760889347e-01,7.250084524267776942e-01,-6.342611176115463545e-01,-9.602270249261360413e-02,1.118623107339618110e-02,5.686448745497863638e-02,3.177353650601701107e-02,-4.335913030235114159e-03,2.823165135296669057e-02
-2.669533972069671468e-01,7.202878132504322295e-01,-6.279046182226013517e-01,-9.730767918198263144e-02,1.877367523704508850e-02,6.978600465915400786e-02,2.035789591289881642e-02,-1.681388386094264872e-02,1.639109041009920859e-02
-3.070362515910950996e-01,7.121817720813530261e-01,-6.196498012289046731e-01,-8.941398247625562123e-02,1.365918371685734961e-02,7.681985518336753582e-02,1.642162450876929330e-02,5.325179413386432921e-03,1.338792594736181937e-02
-2.943175750174810701e-01,7.366756119499202615e-01,-5.941377114335223419e-01,-8.591676652263365022e-02,1.902808135591430375e-02,8.940152480647507727e-02,3.453400574015800389e-02,-2.270452575953524517e-03,2.743071001087880878e-02
-2.966130170570727698e-01,7.288275649427958802e-01,-6.042043195112486442e-01,-9.438651415507995357e-02,2.035798751828114816e-02,6.113226755591723988e-02,4.568844280899768406e-02,8.843111765632969204e-03,2.328494571872354035e-02
-2.802233177587665769e-01,7.328048540209917139e-01,-6.094220710115471062e-01,-8.203958263302982279e-02,3.345269644612684778e-02,5.695450350666872441e-02,3.475799199000368517e-02,-1.966124869220096244e-02,1.971302301566507306e-02
-2.781123973245522296e-01,7.547298484681466135e-01,-5.862692099692193848e-01,-7.378653650784454399e-02,2.241736307455948277e-02,5.478911863117487402e-02,1.268366677433319101e-02,6.860615449158136061e-04,1.464851483937257975e-02
-2.729230702287610000e-01,7.619701098332232192e-01,-5.770261080768234185e-01,-8.112996905345072618e-02,-4.580199823868065859e-03,6.678641905782566057e-02,2.211697436631207200e-02,-9.711219549616140895e-03,1.756348016475386270e-02
-2.583928017638292274e-01,7.505038971256734470e-01,-5.935401105294314528e-01,-1.090202229448449661e-01,7.713721615828685561e-03,6.656647055596964790e-02,1.772991141301734699e-02,4.452119079947339589e-03,3.125733435724678544e-02
-2.333295597959959278e-01,7.274055557665956018e-01,-6.325774032329178898e-01,-9.288132017091917103e-02,5.863530624474813484e-03,7.824473750496059588e-02,3.248915854641396678e-02,-1.140948149045694845e-02,1.774884836159794366e-02
-2.227306753406493867e-01,7.413636292569070196e-01,-6.181692751557482657e-01,-1.036193444898918653e-01,3.220646502711777687e-02,7.700109502066340705e-02,2.594174547980442405e-02,2.779675790774801224e-03,1.592697078111404360e-02
-2.401249613591437126e-01,7.245820392565247570e-01,-6.361375822225399101e-01,-7.419539352709324243e-02,1.288464963392555070e-02,7.114442804881834781e-02,3.493695258931094755e-02,2.105219665776961527e-03,2.631206829376022543e-02
-2.438782559063125688e-01,7.525339227657190655e-01,-5.972197459886220416e-01,-1.007529724727414810e-01,2.452460319751798012e-02,6.859488327428785170e-02,3.557987400143006879e-02,-1.095485985561312284e-02,2.647365407917681018e-02
-2.269414062960533329e-01,7.399878741513050695e-01,-6.239961739883101988e-01,-8.355748570423117416e-02,2.051797744698407797e-02,5.747003168033062298e-02,2.689784135958196362e-02,-1.310860737177544874e-04,1.073138643989277746e-02
-2.757793228274903474e-01,7.304499763918957944e-01,-6.142246551922497799e-01,-8.832144186955477594e-02,8.726277828101373230e-03,6.476517230988096396e-02,1.884897238643126749e-02,-1.015088845053325854e-02,2.422794222613409293e-02
-2.487479668527152743e-01,7.535769608869935521e-01,-5.947248778894734800e-01,-9.332897075570469048e-02,1.528809452171207145e-02,8.070992190946414679e-02,1.878736633560936994e-02,-1.285586273423878611e-03,2.712564560270519509e-02
-2.011592197877491717e-01,7.569307324349990873e-01,-6.086021207971750169e-01,-9.240553034981652258e-02,1.108801843492625110e-02,7.588291839984664944e-02,4.169432513484520875e-02,-3.224102577859010491e-04,5.985729465512693893e-03
-1.655076665083473619e-01,7.584203629796426593e-01,-6.178393742927792420e-01,-9.284096725166893216e-02,3.457019896205330151e-02,6.320187699654294944e-02,2.806137422953073821e-02,2.772666636892074689e-03,3.280431986764698743e-02
-1.017078051313698162e-01,7.769366533729381574e-01,-6.121195751292288767e-01,-7.015370149732465255e-02,1.203528362708706709e-02,6.535115811789200813e-02,3.449109991792434493e-02,-1.149979483774650132e-02,2.599114765957829046e-02
-3.618496489237990610e-02,7.949880556949239230e-01,-5.927537279999002262e-01,-1.069171898105200913e-01,1.620294361932653193e-02,5.360669987674274162e-02,2.632247265081161941e-02,-7.839974222128683057e-03,2.412605960476077536e-03
7.381100640998089490e-02,7.730766873335060962e-01,-6.211703954871122813e-01,-7.526338538061075334e-02,1.404121605776885613e-02,6.483815880527173114e-02,3.380214631020644900e-03,-1.306712158252571442e-04,3.121774998418691896e-02
3.898154398372585816e-02,7.487483260207360436e-01,-6.457998352482843263e-01,-1.121701169435846135e-01,-3.716310175426175422e-02,7.125203908843595613e-02,2.676377390303350326e-02,-4.928523518715055042e-03,3.191053155428204280e-02
1.110729467343135879e-01,7.159696528587126130e-01,-6.656243869307907346e-01,-1.477024270176755527e-01,2.306882027796453710e-02,9.298149032358786481e-02,1.959436765505589637e-02,-1.515938627110356186e-02,1.967107057324614036e-02
1.941489500890016817e-01,6.774511931501249196e-01,-6.962539642316541988e-01,-7.808938999392885105e-02,2.790153292572038549e-02,1.030898384907630860e-01,2.700893914806514612e-02,1.642744404047652429e-02,9.652796984784259293e-03
2.016630511628554612e-01,7.116138531387334876e-01,-6.546518651857146098e-01,-1.006135280312871610e-01,2.024844918021835929e-02,9.344648555359624797e-02,6.194171728560020351e-02,2.214339275682036725e-03,3.551994098327588417e-02
1.679679940651113701e-01,6.726535176265641125e-01,-7.059736641461237250e-01,-1.148974488816524864e-01,3.016160543423311580e-02,4.602480926350974166e-02,5.008679298987266104e-02,4.206217252033937065e-03,4.657655377163554683e-02
1.389550064256417916e-01,6.709510843365631416e-01,-7.165961070131213750e-01,-9.346016186333930276e-02,2.844567279800893841e-02,6.574910427829787352e-02,2.667927474721044218e-02,-4.926378220037826161e-02,7.491481188939808598e-04
1.620812796163416392e-02,7.028897993643453690e-01,-6.974899135791315929e-01,-1.049660290842761440e-01,2.032063768901309214e-02,8.280724887520124478e-02,-2.029731765855482054e-02,2.177884135896853909e-02,4.112409724862849461e-03
-3.193056015553541460e-02,7.165088053417708602e-01,-6.749969555672934440e-01,-8.448977729524487224e-02,-2.156042890122175648e-02,1.359410776906098128e-01,3.628382116169479726e-02,-3.785309506799336594e-03,5.060124266361525069e-02
3.866562936924613884e-03,7.284337741616748740e-01,-6.519592822185735770e-01,-1.628229089503641924e-01,3.754357450436846683e-02,9.490795854666868314e-02,7.735180642616024116e-02,2.250650448534341833e-02,3.000326178961940440e-02
5.984815001038620158e-02,6.595471298005943783e-01,-7.374043177972390284e-01,-6.790674429563248182e-02,7.033652860093247972e-02,5.598209607400213284e-02,6.773656815148876298e-02,-1.889916284408147198e-02,3.561646763975089697e-03
-2.140826832436194538e-01,6.818628966171079719e-01,-6.929482115911601570e-01,-7.524038670680049945e-02,2.911924120392960988e-02,3.092152009820663475e-02,5.292431810092505448e-03,-1.632640599626735290e-03,3.947795903659018224e-02
-2.654367485160474271e-01,7.466334708697921485e-01,-5.956969760383373780e-01,-7.899295365404489233e-02,-4.712511272834752143e-03,9.447446778449739013e-02,8.504109675327064383e-03,-3.974601259337030845e-02,1.968045989918934535e-02
-3.019664224257737617e-01,7.243676308888911120e-01,-6.005515369503904299e-01,-1.270513145537905120e-01,1.484080936922449814e-03,7.640098441055880041e-02,1.994075215765038836e-02,3.105480319556262053e-02,-1.011348956662070503e-02
-3.122239705072620275e-01,6.791002227037610250e-01,-6.492278683851147036e-01,-8.028293876725001166e-02,2.094810252824082925e-02,9.404208477830128254e-02,3.386394587507930709e-02,-6.741920806768435248e-03,5.405504032020196775e-02
-2.991627947295654177e-01,7.366105196240865238e-01,-5.890754713119630281e-01,-9.726920161089369632e-02,3.450080724729271547e-02,8.053114267089565848e-02,5.507084227544963018e-02,3.249855207542564142e-03,2.676614049325473990e-02
-2.991007600855054016e-01,7.154037880061754340e-01,-6.210461084724573366e-01,-8.160533561671949598e-02,3.711722164321375195e-02,4.136650063763890744e-02,5.330920332002034995e-02,-1.123751321093849689e-02,-1.792839628887065231e-02
-4.123987463378201990e-01,6.826057955414804868e-01,-5.955846441320266083e-01,-6.521229029923994447e-02,2.818198195627042574e-02,3.860601713588739797e-02,-8.289263712713851318e-03,1.345477484933579274e-03,5.145599976281043514e-02
-5.462732132200154300e-01,6.153371066057236050e-01,-5.554038610240645824e-01,-8.556225457969854342e-02,-4.327107837214595049e-02,6.277148074777653963e-02,2.045136059532418407e-02,-1.966296503598536152e-02,2.310710151042411412e-02
-6.177836100342244396e-01,5.454803700139706502e-01,-5.461540363783851104e-01,-1.317896427310452645e-01,1.271252065473024717e-02,6.966847718644496312e-02,9.910041569004171547e-03,-3.749259489903833658e-03,3.776897328089956658e-03
-6.975051789093111854e-01,4.430152795199236992e-01,-5.533476535512524830e-01,-6.886458133765270551e-02,4.413120753480206590e-03,7.255951879105870805e-02,1.408482970872516199e-02,8.948913993341751916e-03,2.692965580039239151e-02
-7.546766150106859472e-01,4.542746673076248354e-01,-4.575622938426592845e-01,-7.942129823295807078e-02,2.040260299018979706e-02,7.909783763708438942e-02,3.538119223283620746e-02,-7.555768912660998024e-03,2.109704964393646978e-02
-7.755468357380876920e-01,4.307731534829297715e-01,-4.520455447270413374e-01,-6.606316397346345681e-02,2.686350782630905418e-02,4.684369336011032919e-02,3.449171151635214289e-02,9.886877947030687022e-03,6.976495828327424972e-03
-8.061410408308553599e-01,4.017924309505210290e-01,-4.277498899055696135e-01,-5.425542149055420649e-02,1.604301865496036289e-02,3.912960627999308161e-02,2.248461846080261270e-02,-7.256845406194231511e-03,2.095521977702584360e-02
-8.110395743785109302e-01,4.318743300597815415e-01,-3.863180586848402043e-01,-5.544021509539204945e-02,2.132562477840766607e-02,4.947889660946318269e-02,1.521957141908649065e-02,-6.063013652409045100e-03,1.458673852793986730e-02
-7.934480335315903243e-01,4.674795274417969937e-01,-3.821577251091476390e-01,-4.888618489086217489e-02,1.936894345837692974e-02,5.011271507143275766e-02,2.410369962837165952e-02,6.297688275245778931e-04,9.478643304474262347e-04
-7.800491235747458729e-01,4.849256955258572366e-01,-3.883351354368648201e-01,-5.105833569815849959e-02,2.009888246184767316e-02,4.105538636318705609e-02,2.255436145247113888e-02,3.838322302228279210e-03,1.861079809493397866e-02
-7.567191450780945683e-01,5.171728409970837159e-01,-3.927991690753915299e-01,-4.970578606611526090e-02,1.777882713813316515e-02,4.264170082915211962e-02,2.516567099442117844e-02,-6.661022875013620538e-03,1.828808481396700450e-02
-7.153401577314131288e-01,5.724387807755795254e-01,-3.932744122533788356e-01,-5.334398270440970924e-02,2.679154957547847868e-02,4.257355735919668427e-02,2.308978210986931817e-02,-4.704439988074254723e-03,2.528333166582499326e-03
-7.233192276001213505e-01,5.323453666353937797e-01,-4.347107318660720088e-01,-5.582508304049031006e-02,5.047653468952937499e-04,2.809990834492459913e-02,1.602426637643768886e-02,4.327146245519579958e-03,1.620136923832864520e-02
-7.216954821194465630e-01,5.347854430157372718e-01,-4.296397516533625449e-01,-6.932661679166610136e-02,7.401891361563226260e-03,5.122157807351864628e-02,1.105334230550062205e-02,-1.537427750873890733e-02,2.695704340596873083e-02
-6.757807172079062230e-01,5.895764113508379367e-01,-4.316911735414466489e-01,-6.421497001362483359e-02,2.303651287864217148e-02,6.543109234309496536e-02,2.060235524395548704e-02,5.727718469937347198e-04,-1.597454596498495234e-03
-6.465064848978572254e-01,6.092551683455302847e-01,-4.511078214315359936e-01,-5.472193552793325200e-02,2.201204293137675252e-02,5.197700757351454703e-02,3.148168148239788994e-02,8.692835508605610204e-03,9.588901720096087294e-03
-6.052017722899704077e-01,6.536639852169853215e-01,-4.455590306184820104e-01,-5.399479040518178480e-02,2.711136604091492208e-02,4.568306076382372405e-02,2.981843604194287650e-02,-3.159054201604971114e-03,3.598381761229568765e-02
-5.819325125063981030e-01,6.588414180512289775e-01,-4.699548778416544059e-01,-6.643602914493004774e-02,5.734653168321641493e-03,2.929809218925490816e-02,3.166564428748566001e-02,-9.639108499902723781e-03,4.930890266537001076e-03
-5.367657113273962555e-01,6.871236537172256131e-01,-4.813572098990469006e-01,-7.096592664115822235e-02,2.681847653589253255e-02,4.471364657895059852e-02,2.068264457362925957e-03,-1.328126252093321524e-02,1.017442153354043873e-02
-4.775668511510799963e-01,7.257603857242482803e-01,-4.877555947631498356e-01,-5.148618226525347730e-02,-3.283872594653534710e-04,6.435184695309140168e-02,8.604746547542995241e-03,6.222340831243125363e-03,1.978359863607515035e-02
-4.261992545276784838e-01,7.435820953132670219e-01,-5.010417059673264450e-01,-9.526412250910627766e-02,-4.852584432071633744e-03,6.007089729839388409e-02,3.709779236741211211e-02,-3.177663867920301009e-03,1.741880562512949232e-02
-4.491419216037735307e-01,6.609469873869543433e-01,-5.902102184216624359e-01,-1.001400727647384636e-01,7.557171287379239009e-03,4.074265279259572936e-02,1.979116696057615921e-02,2.071208909897935806e-03,3.051922720271315476e-02
-4.809159021876886486e-01,6.480865377239568570e-01,-5.786742188313311885e-01,-8.243671891629542059e-02,1.241541484163590468e-02,7.540925176815525821e-02,1.470990390640864419e-02,-2.477848919269804578e-02,1.931367134205684219e-02
-5.393614143065760258e-01,6.274625193405003465e-01,-5.488852898459942731e-01,-9.117504238728854626e-02,1.179138009859987020e-02,7.155186191531404116e-02,1.891244376416893747e-02,1.288825709234014266e-02,3.099762611581043451e-03
-5.439916346656439305e-01,6.330792449265644217e-01,-5.377854812279037056e-01,-7.033407100143905522e-02,2.586543957699689866e-02,8.060321952269793033e-02,3.336040035325790742e-02,-2.510139218245986160e-03,2.895770400580818110e-02
-5.275169114713520457e-01,6.715533404768186942e-01,-5.084571256938608119e-01,-7.061414351055766980e-02,3.312772119660434972e-02,6.008748534295230148e-02,4.502988407675699578e-02,6.513946529843839435e-03,2.118818792818833244e-02
-5.241039575607803203e-01,6.677389280699423946e-01,-5.211198389755300475e-01,-6.502084623298579058e-02,2.590497055309457300e-02,3.472768599321904293e-02,4.018514786339456857e-02,-1.070021763229844249e-02,6.304613423076301133e-03
-5.226737647273845822e-01,6.849361333295329590e-01,-5.009202795375145012e-01,-6.130483255080133864e-02,2.717231023663521303e-02,3.902675353033146360e-02,3.788283907751418666e-03,-7.775072196752938654e-03,2.567090185255308313e-02
-5.289326223288302042e-01,6.804684782976352375e-01,-4.992867428726494583e-01,-6.629319338140285400e-02,-1.540664093276722379e-02,5.343201148207307044e-02,1.516202153444513520e-02,-7.721666018789511907e-03,1.135942443948474712e-02
-5.406552297139954888e-01,6.517455312561049041e-01,-5.177184536288719219e-01,-1.042305011671464526e-01,3.379783632917608867e-03,5.919558277154934184e-02,1.328337258414817763e-02,-1.594878547194438292e-03,1.813170944288489475e-02
-5.310644106099488004e-01,6.318225387490186140e-01,-5.531972214095006724e-01,-7.642000483858872595e-02,1.307296818237794860e-02,7.539957113618672713e-02,1.978035100411755162e-02,-6.312206402480253229e-04,2.561307961900722782e-02
-5.424729470553323329e-01,6.443256341595180459e-01,-5.257612110567241315e-01,-8.322186579182327959e-02,2.002824900099700600e-02,7.225426570248519309e-02,3.854755437387877987e-02,-1.267348723608002900e-03,1.036914119329617259e-02
-5.349232244728866492e-01,6.511407262850935629e-01,-5.282754129937834442e-01,-7.005892103251315506e-02,3.662857572339909412e-02,5.564698850352885195e-02,3.292733049204003837e-02,4.132960852352873804e-03,1.871373171451224532e-02
-5.232653128075246407e-01,6.797935895491310498e-01,-5.064118633172226547e-01,-5.380273131988949631e-02,2.457836404898367660e-02,5.072260792569030508e-02,3.197040111772399967e-02,-7.906634567169246522e-03,2.156104038619706051e-02
-5.242712786790173496e-01,6.870983113025858069e-01,-4.952296020384377995e-01,-7.420223957941626813e-02,1.238609930635068725e-02,3.766805803919993922e-02,2.361433084026960325e-02,-4.850694550751147825e-03,1.112393601756142894e-02
-4.985569894802086011e-01,6.919012297610436235e-01,-5.142220950685141290e-01,-7.070737039997662676e-02,1.240613834010283884e-02,5.090292081818877795e-02,9.371914349811666031e-03,-9.847641687255407825e-03,1.897083994813774516e-02
-4.885013704311767513e-01,6.938507633292415600e-01,-5.190243154109078771e-01,-7.842378681719149036e-02,-1.005562596916354445e-03,6.212793822024075679e-02,1.524716124672209107e-02,-4.111929965841006735e-04,1.753459775367416026e-02
-4.654793515160868811e-01,6.929658711701145446e-01,-5.377184986305240111e-01,-9.085123533902128568e-02,9.728441098638931223e-03,6.806806109000067273e-02,2.618478299127755676e-02,-2.977112592446523338e-03,1.759927291299832539e-02
-4.474867887324093796e-01,6.880071963405919311e-01,-5.601787087316361102e-01,-8.174955024529204084e-02,2.119278129188513493e-02,6.480385841676378211e-02,2.771237749303030393e-02,2.247116342515940047e-03,2.228895621613093819e-02
-4.391146946323860600e-01,6.997615540053387928e-01,-5.531340817164499546e-01,-7.542439339707067425e-02,2.053807931424127958e-02,6.303234531947320141e-02,3.363270714100066727e-02,-6.804545570173153868e-03,1.713332804457776831e-02
-4.554826188457993807e-01,6.915878859953831226e-01,-5.512264006986981046e-01,-8.074560119649996925e-02,1.879069113259518309e-02,5.070632283636681420e-02,2.512867707656908992e-02,3.607245675426763048e-05,1.776822929603263240e-02
-4.780707649843100038e-01,6.754379320703005618e-01,-5.523719971799563311e-01,-7.613711880546740474e-02,9.640904433587439010e-03,5.683430545035876580e-02,1.999922546673869525e-02,-9.537024514029407429e-03,2.250000642595684219e-02
-4.879737239143696059e-01,6.784085501445895616e-01,-5.378515703781847623e-01,-8.586056214256081176e-02,1.262690110319381401e-02,6.483710092917360779e-02,1.902557755956896246e-02,-3.724289383862324290e-03,1.574816652449637783e-02
-4.717504100561299984e-01,6.849548804529220769e-01,-5.442711702179313660e-01,-7.770178709662473038e-02,1.768799457976666725e-02,6.940614092629600329e-02,2.631226728096037332e-02,-1.491363106759506128e-04,1.404466822505588686e-02
-4.698348262873118242e-01,6.883688706452614214e-01,-5.419683896518378008e-01,-7.731168938408572444e-02,1.932173114199443875e-02,6.157392200705328472e-02,3.107218240632243084e-02,2.377574119581363395e-03,2.368313098116568358e-02
-4.608333320304538461e-01,6.943314308325123640e-01,-5.428467012932021163e-01,-7.665648597683889787e-02,1.946219140750104007e-02,5.540416819939349147e-02,3.250934628566189838e-02,-7.068436428035936546e-03,2.055546552259123610e-02
-4.589611331899556279e-01,6.961508183454822030e-01,-5.431212876217536012e-01,-7.782912738515526674e-02,1.967031161710776008e-02,5.097400081162212215e-02,2.239993339574999215e-02,-5.638606620647213311e-03,1.310684484714915755e-02
-4.734875410876014379e-01,6.857993353467610742e-01,-5.440546011249821623e-01,-7.453244766028332968e-02,9.008768015364362891e-03,5.665509699391401560e-02,1.597575120590037645e-02,-4.400907045055864331e-03,1.930737649979622286e-02
-4.761637574864863720e-01,6.880951251885499831e-01,-5.360173108656606233e-01,-8.435395252536895261e-02,7.779310856243770549e-03,6.639201540258178602e-02,2.055103665945012814e-02,-3.887406391886028337e-03,2.138114755922287252e-02
-4.560056430003327499e-01,6.917180521281300898e-01,-5.481694959526182132e-01,-8.503791758355125352e-02,1.648427607728913252e-02,6.746819060702745341e-02,2.863504125984463189e-02,-6.281241898391649826e-04,1.482221179497142036e-02
-4.091165622363801546e-01,7.218778176793900769e-01,-5.471354626411998323e-01,-7.357244924071172643e-02,3.063472301388330682e-02,6.716219178553711755e-02,3.103097117240781813e-02,-1.347562338815753730e-03,1.821954235747859710e-02
-4.008383230497877814e-01,7.251069260507880809e-01,-5.515995843240342200e-01,-7.129727915883184164e-02,1.455436967306598245e-02,4.945932051699723081e-02,3.354822352167264460e-02,1.680821719583541285e-03,2.041613578067853763e-02
-3.836294696352367528e-01,7.339742617731239704e-01,-5.506144752033532708e-01,-8.313735864329394043e-02,1.651555674514128616e-02,4.997405543775444714e-02,2.299832849266446322e-02,-1.451145237171521524e-02,2.263663361558392387e-02
-3.576591399607568778e-01,7.377858449040221034e-01,-5.635447411985007315e-01,-8.056448533888477259e-02,9.656788453769087760e-03,5.700873779403271835e-02,1.234397294497309623e-02,-3.619828200350067547e-03,1.303642815380869069e-02
-3.243379124278250591e-01,7.501582144495221316e-01,-5.646316223536346213e-01,-8.532937836576939827e-02,5.587504209648304007e-03,7.277405764076180783e-02,1.888336429325461474e-02,-5.229891836341516408e-03,1.632124987352251075e-02
-3.144959885972376523e-01,7.340960833716038136e-01,-5.888629007296254381e-01,-9.619582256501268969e-02,5.950546482754599451e-03,6.767185084199286993e-02,2.592322294993931395e-02,7.626718926588925591e-03,2.893082561088370155e-02
-3.191065941632483804e-01,7.113502434761708182e-01,-6.130696136969618903e-01,-9.707964723939756235e-02,1.096317572235063625e-02,6.940493526450311479e-02,3.530986476788427336e-02,-1.192067825648666750e-02,2.338542580853605890e-02
-3.556933858148534355e-01,6.938189887158092706e-01,-6.140894123563555018e-01,-9.665356530516619471e-02,2.501965120823762545e-02,6.541521744572786901e-02,2.242491152576446198e-02,-1.079364113717126835e-03,1.550912075784354090e-02
-3.641314081666302549e-01,7.090157618238441817e-01,-5.929625230057783414e-01,-7.235678529390078551e-02,2.247944836810482003e-02,7.952745429288060608e-02,2.585952005701511180e-02,-6.124817893350797265e-03,1.813116784568914036e-02
-3.730593492935335709e-01,7.276607863811396237e-01,-5.635092280990776636e-01,-8.534142877514587500e-02,1.874919350270081581e-02,6.660863737968503173e-02,3.507168354632972385e-02,7.528053135503256013e-03,2.087474187385307198e-02
-3.545699496276712437e-01,7.256014151698353398e-01,-5.793315754696517494e-01,-8.092958934487534672e-02,2.112983400151748070e-02,5.633354884560100306e-02,3.695655628717370300e-02,-8.342905927478759878e-03,2.351030868556706552e-02
-3.857931500673013603e-01,7.077699212308239396e-01,-5.826831864667201266e-01,-8.562812998479382709e-02,1.509351763517543729e-02,4.806251709748660117e-02,2.035325292078737566e-02,-5.848024066443320741e-03,1.967834881461571692e-02
-3.625160245859234132e-01,7.330025561320727689e-01,-5.649218812805604228e-01,-7.811984037002352166e-02,1.686218746738850360e-02,7.190113976490271341e-02,1.437783800348706176e-02,-1.397793402473479843e-02,1.391873134766005368e-02
-3.458950108052206707e-01,7.417698324398416254e-01,-5.631921199680298695e-01,-8.501675152489071574e-02,7.504139943779820736e-03,6.911822700099415351e-02,2.286961961447734476e-02,1.169167631738434777e-02,1.508605090203692795e-02
-3.197328076482844339e-01,7.365124754057454926e-01,-5.832781655558130218e-01,-8.931002096875984009e-02,1.153309018803318556e-02,6.848460658610511231e-02,3.579821927718461472e-02,-6.280938265842014867e-03,3.140845153770054771e-02
-2.913490825479214119e-01,7.394911093059672869e-01,-5.950171918261879522e-01,-9.348978057783691176e-02,2.349644805404634343e-02,5.951861866897008996e-02,3.043318212574753004e-02,-3.240778879539587144e-03,2.125049301159872422e-02
-2.622402633902442548e-01,7.479620838697503826e-01,-6.002914596774859834e-01,-7.833600996552424200e-02,2.076000103969771055e-02,6.332790325447622271e-02,2.600920580735277196e-02,-1.144452765904688599e-02,6.895024100460373125e-03
-2.601516381364570862e-01,7.592298289893698593e-01,-5.862335699008826007e-01,-8.373851289895649364e-02,1.466932011286887182e-02,6.339069551408380021e-02,1.452031693487012068e-02,5.328386010938176640e-03,2.713769324619568282e-02
-2.410807872312676903e-01,7.551583014429880114e-01,-5.972918538286507983e-01,-8.974886747306491663e-02,-3.985999435461459912e-03,7.045095886311029953e-02,3.188270148961117739e-02,-8.967693589232836673e-03,2.697079806221085174e-02
-2.051693577576405580e-01,7.523180399772935179e-01,-6.110338028806112654e-01,-1.126444170281901969e-01,2.182989058703532423e-02,6.695247773097859345e-02,2.616488227549672307e-02,-3.763950918157027252e-03,1.463152839979416781e-02
-2.059273243156990729e-01,7.259372071290652872e-01,-6.465017241149407790e-01,-8.014000184838866725e-02,1.446043720681692256e-02,7.142367972281774002e-02,2.200030967099766629e-02,-1.249877430809708152e-03,2.064430036128249435e-02
-2.406294129327404274e-01,7.400238991646918008e-01,-6.137231763912158744e-01,-9.909316622880159908e-02,1.104135675521022465e-02,7.876927023481623824e-02,2.845610692651361073e-02,-4.869296387314438722e-03,2.874981569882231747e-02
-2.373416882751620827e-01,7.287699514767849163e-01,-6.290277103577334161e-01,-9.915035852300647934e-02,1.804099490009558951e-02,7.230809009009890598e-02,3.467983591122988235e-02,1.495469600583919107e-04,1.731981713243226778e-02
-2.059472670500195612e-01,7.467180312293461020e-01,-6.201566743131048387e-01,-8.503272654595862845e-02,3.384193278714228009e-02,7.513599943553879446e-02,3.156553550426437205e-02,-7.005976517099248534e-03,1.835424169208129883e-02
-1.648609118927042705e-01,7.756920494342780525e-01,-5.994130007095068713e-01,-7.420831835449051561e-02,2.349088312612086088e-02,6.521208295330514770e-02,3.190121110215862754e-02,4.808108664536191006e-03,2.178673242848662081e-02
-1.070869561866394093e-01,7.913530003412965197e-01,-5.914250148201050106e-01,-8.642585268289390554e-02,1.177528462565207920e-02,5.526565639885090697e-02,3.562975520477829755e-02,-1.067867470077126651e-02,2.152609681418253540e-02
1.076857941945121369e-02,7.976144780024737591e-01,-5.928724847117533558e-01,-9.068764976894849728e-02,2.006545324889259796e-02,5.336536647933286942e-02,1.396376821492556139e-02,-6.512434298427631670e-03,2.202875058681515522e-02
1.134162497359333804e-01,7.791841954156729644e-01,-6.068930231491593830e-01,-8.401991077128463659e-02,-1.044000038202070116e-02,6.359236467141314575e-02,1.522522084662328822e-02,-8.486567993181410793e-03,1.316986402799888781e-02
